longitude,latitude,rank
-180.0,2.0,1
-180.0,3.0,1
-180.0,4.0,1
-180.0,5.0,1
-180.0,6.0,1
-180.0,7.0,1
-180.0,8.0,1
-180.0,9.0,1
-180.0,10.0,1
-180.0,11.0,1
-180.0,12.0,1
-180.0,24.0,1
-180.0,25.0,1
-180.0,26.0,1
-180.0,31.0,1
-180.0,32.0,1
-180.0,35.0,1
-180.0,36.0,1
-180.0,38.0,1
-180.0,39.0,1
-180.0,41.0,1
-180.0,42.0,1
-180.0,46.0,1
-180.0,47.0,1
-180.0,48.0,1
-180.0,53.0,1
-180.0,55.0,2
-180.0,57.0,2
-180.0,69.0,2
-180.0,70.0,2
-180.0,84.0,2
-180.0,88.0,2
-180.0,89.0,2
-180.0,90.0,2
-179.0,-60.0,2
-179.0,-6.0,1
-179.0,3.0,1
-179.0,5.0,1
-179.0,6.0,1
-179.0,7.0,1
-179.0,9.0,1
-179.0,10.0,1
-179.0,11.0,1
-179.0,12.0,1
-179.0,13.0,1
-179.0,21.0,1
-179.0,24.0,1
-179.0,25.0,1
-179.0,28.0,1
-179.0,30.0,1
-179.0,31.0,1
-179.0,35.0,1
-179.0,36.0,1
-179.0,37.0,1
-179.0,38.0,1
-179.0,39.0,1
-179.0,41.0,1
-179.0,42.0,1
-179.0,43.0,1
-179.0,44.0,1
-179.0,47.0,1
-179.0,48.0,1
-179.0,49.0,1
-179.0,50.0,1
-179.0,51.0,1
-179.0,52.0,1
-179.0,56.0,2
-179.0,57.0,2
-179.0,59.0,2
-179.0,69.0,2
-179.0,83.0,2
-179.0,84.0,2
-179.0,85.0,2
-179.0,87.0,2
-179.0,88.0,2
-179.0,89.0,2
-179.0,90.0,2
-178.0,-8.0,1
-178.0,6.0,1
-178.0,7.0,1
-178.0,8.0,1
-178.0,9.0,1
-178.0,10.0,1
-178.0,11.0,1
-178.0,12.0,1
-178.0,13.0,1
-178.0,17.0,1
-178.0,18.0,1
-178.0,19.0,1
-178.0,23.0,1
-178.0,24.0,1
-178.0,25.0,1
-178.0,26.0,1
-178.0,27.0,1
-178.0,28.0,1
-178.0,29.0,1
-178.0,30.0,1
-178.0,31.0,1
-178.0,36.0,1
-178.0,37.0,1
-178.0,38.0,1
-178.0,39.0,1
-178.0,40.0,1
-178.0,41.0,1
-178.0,42.0,1
-178.0,43.0,1
-178.0,44.0,1
-178.0,45.0,1
-178.0,46.0,1
-178.0,47.0,1
-178.0,48.0,1
-178.0,50.0,1
-178.0,51.0,1
-178.0,52.0,1
-178.0,54.0,1
-178.0,55.0,1
-178.0,56.0,2
-178.0,57.0,2
-178.0,62.0,2
-178.0,83.0,2
-178.0,84.0,2
-178.0,87.0,2
-178.0,88.0,2
-178.0,89.0,2
-178.0,90.0,2
-177.0,-56.0,2
-177.0,5.0,1
-177.0,6.0,1
-177.0,7.0,1
-177.0,11.0,1
-177.0,12.0,1
-177.0,13.0,1
-177.0,14.0,1
-177.0,15.0,1
-177.0,16.0,1
-177.0,17.0,1
-177.0,18.0,1
-177.0,19.0,1
-177.0,20.0,1
-177.0,21.0,1
-177.0,29.0,1
-177.0,36.0,1
-177.0,37.0,1
-177.0,38.0,1
-177.0,39.0,1
-177.0,40.0,1
-177.0,41.0,1
-177.0,42.0,1
-177.0,43.0,1
-177.0,44.0,1
-177.0,45.0,1
-177.0,46.0,1
-177.0,47.0,1
-177.0,48.0,1
-177.0,51.0,1
-177.0,54.0,1
-177.0,55.0,1
-177.0,56.0,2
-177.0,57.0,2
-177.0,64.0,2
-177.0,66.0,2
-177.0,68.0,2
-177.0,77.0,2
-177.0,83.0,2
-177.0,84.0,2
-177.0,88.0,2
-177.0,89.0,2
-177.0,90.0,2
-176.0,5.0,1
-176.0,6.0,1
-176.0,7.0,1
-176.0,10.0,1
-176.0,11.0,1
-176.0,12.0,1
-176.0,13.0,1
-176.0,14.0,1
-176.0,15.0,1
-176.0,16.0,1
-176.0,17.0,1
-176.0,18.0,1
-176.0,19.0,1
-176.0,20.0,1
-176.0,21.0,1
-176.0,22.0,1
-176.0,24.0,1
-176.0,25.0,1
-176.0,27.0,1
-176.0,28.0,1
-176.0,29.0,1
-176.0,37.0,1
-176.0,39.0,1
-176.0,40.0,1
-176.0,41.0,1
-176.0,42.0,1
-176.0,44.0,1
-176.0,45.0,1
-176.0,46.0,1
-176.0,48.0,1
-176.0,51.0,1
-176.0,52.0,1
-176.0,53.0,1
-176.0,54.0,1
-176.0,55.0,1
-176.0,69.0,2
-176.0,84.0,2
-176.0,86.0,2
-176.0,88.0,2
-176.0,89.0,2
-176.0,90.0,2
-175.0,15.0,1
-175.0,16.0,1
-175.0,18.0,1
-175.0,19.0,1
-175.0,20.0,1
-175.0,22.0,1
-175.0,23.0,1
-175.0,24.0,1
-175.0,28.0,1
-175.0,29.0,1
-175.0,30.0,1
-175.0,31.0,1
-175.0,32.0,1
-175.0,33.0,1
-175.0,34.0,1
-175.0,35.0,1
-175.0,36.0,1
-175.0,37.0,1
-175.0,38.0,1
-175.0,39.0,1
-175.0,41.0,1
-175.0,42.0,1
-175.0,44.0,1
-175.0,46.0,1
-175.0,47.0,1
-175.0,48.0,1
-175.0,49.0,1
-175.0,51.0,1
-175.0,52.0,1
-175.0,53.0,1
-175.0,54.0,1
-175.0,55.0,2
-175.0,69.0,2
-175.0,83.0,2
-175.0,84.0,2
-175.0,86.0,2
-175.0,87.0,2
-175.0,88.0,2
-175.0,89.0,2
-175.0,90.0,2
-174.0,-42.0,1
-174.0,5.0,1
-174.0,9.0,1
-174.0,17.0,1
-174.0,18.0,1
-174.0,19.0,1
-174.0,20.0,1
-174.0,22.0,1
-174.0,23.0,1
-174.0,24.0,1
-174.0,25.0,1
-174.0,29.0,1
-174.0,30.0,1
-174.0,31.0,1
-174.0,32.0,1
-174.0,33.0,1
-174.0,34.0,1
-174.0,37.0,1
-174.0,38.0,1
-174.0,39.0,1
-174.0,40.0,1
-174.0,42.0,1
-174.0,43.0,1
-174.0,46.0,1
-174.0,47.0,1
-174.0,48.0,1
-174.0,49.0,1
-174.0,50.0,1
-174.0,51.0,1
-174.0,52.0,1
-174.0,53.0,1
-174.0,54.0,1
-174.0,55.0,1
-174.0,73.0,2
-174.0,80.0,2
-174.0,83.0,2
-174.0,84.0,2
-174.0,88.0,2
-174.0,90.0,2
-173.0,-71.0,2
-173.0,-64.0,2
-173.0,3.0,1
-173.0,14.0,1
-173.0,15.0,1
-173.0,16.0,1
-173.0,17.0,1
-173.0,19.0,1
-173.0,20.0,1
-173.0,21.0,1
-173.0,22.0,1
-173.0,23.0,1
-173.0,24.0,1
-173.0,25.0,1
-173.0,26.0,1
-173.0,27.0,1
-173.0,28.0,1
-173.0,29.0,1
-173.0,30.0,1
-173.0,31.0,1
-173.0,32.0,1
-173.0,33.0,1
-173.0,34.0,1
-173.0,39.0,1
-173.0,42.0,1
-173.0,43.0,1
-173.0,44.0,1
-173.0,45.0,1
-173.0,46.0,1
-173.0,48.0,1
-173.0,49.0,1
-173.0,50.0,1
-173.0,53.0,1
-173.0,54.0,1
-173.0,55.0,2
-173.0,84.0,2
-173.0,87.0,2
-173.0,88.0,2
-173.0,89.0,2
-173.0,90.0,2
-172.0,5.0,1
-172.0,6.0,1
-172.0,8.0,1
-172.0,14.0,1
-172.0,16.0,1
-172.0,17.0,1
-172.0,19.0,1
-172.0,20.0,1
-172.0,21.0,1
-172.0,22.0,1
-172.0,23.0,1
-172.0,24.0,1
-172.0,25.0,1
-172.0,26.0,1
-172.0,27.0,1
-172.0,28.0,1
-172.0,29.0,1
-172.0,30.0,1
-172.0,31.0,1
-172.0,32.0,1
-172.0,33.0,1
-172.0,34.0,1
-172.0,35.0,1
-172.0,36.0,1
-172.0,40.0,1
-172.0,41.0,1
-172.0,50.0,1
-172.0,51.0,1
-172.0,53.0,1
-172.0,54.0,1
-172.0,55.0,1
-172.0,56.0,2
-172.0,69.0,2
-172.0,84.0,2
-172.0,85.0,2
-172.0,86.0,2
-172.0,87.0,2
-172.0,90.0,2
-171.0,4.0,1
-171.0,5.0,1
-171.0,6.0,1
-171.0,7.0,1
-171.0,8.0,1
-171.0,9.0,1
-171.0,10.0,1
-171.0,15.0,1
-171.0,16.0,1
-171.0,19.0,1
-171.0,21.0,1
-171.0,22.0,1
-171.0,23.0,1
-171.0,24.0,1
-171.0,25.0,1
-171.0,26.0,1
-171.0,27.0,1
-171.0,28.0,1
-171.0,29.0,1
-171.0,30.0,1
-171.0,31.0,1
-171.0,32.0,1
-171.0,33.0,1
-171.0,34.0,1
-171.0,35.0,1
-171.0,36.0,1
-171.0,37.0,1
-171.0,38.0,1
-171.0,43.0,1
-171.0,46.0,1
-171.0,47.0,1
-171.0,49.0,1
-171.0,50.0,1
-171.0,53.0,1
-171.0,64.0,2
-171.0,70.0,2
-171.0,84.0,2
-171.0,85.0,2
-171.0,86.0,2
-171.0,88.0,2
-171.0,90.0,2
-170.0,-71.0,2
-170.0,-13.0,1
-170.0,4.0,1
-170.0,5.0,1
-170.0,6.0,1
-170.0,7.0,1
-170.0,9.0,1
-170.0,10.0,1
-170.0,12.0,1
-170.0,13.0,1
-170.0,19.0,1
-170.0,20.0,1
-170.0,21.0,1
-170.0,22.0,1
-170.0,23.0,1
-170.0,24.0,1
-170.0,25.0,1
-170.0,26.0,1
-170.0,27.0,1
-170.0,28.0,1
-170.0,29.0,1
-170.0,30.0,1
-170.0,31.0,1
-170.0,32.0,1
-170.0,33.0,1
-170.0,34.0,1
-170.0,35.0,1
-170.0,36.0,1
-170.0,37.0,1
-170.0,41.0,1
-170.0,42.0,1
-170.0,49.0,1
-170.0,52.0,1
-170.0,53.0,1
-170.0,56.0,2
-170.0,62.0,2
-170.0,67.0,2
-170.0,84.0,2
-170.0,85.0,2
-170.0,86.0,2
-170.0,88.0,2
-170.0,90.0,2
-169.0,-69.0,2
-169.0,2.0,1
-169.0,3.0,1
-169.0,4.0,1
-169.0,5.0,1
-169.0,6.0,1
-169.0,9.0,1
-169.0,15.0,1
-169.0,21.0,1
-169.0,22.0,1
-169.0,23.0,1
-169.0,24.0,1
-169.0,25.0,1
-169.0,26.0,1
-169.0,27.0,1
-169.0,28.0,1
-169.0,29.0,1
-169.0,30.0,1
-169.0,31.0,1
-169.0,32.0,1
-169.0,33.0,1
-169.0,34.0,1
-169.0,35.0,1
-169.0,37.0,1
-169.0,48.0,1
-169.0,49.0,1
-169.0,50.0,1
-169.0,51.0,1
-169.0,52.0,1
-169.0,62.0,2
-169.0,63.0,2
-169.0,76.0,2
-169.0,83.0,2
-169.0,84.0,2
-169.0,88.0,2
-169.0,90.0,2
-168.0,-48.0,1
-168.0,-1.0,1
-168.0,3.0,1
-168.0,4.0,1
-168.0,6.0,1
-168.0,17.0,1
-168.0,18.0,1
-168.0,19.0,1
-168.0,22.0,1
-168.0,23.0,1
-168.0,24.0,1
-168.0,25.0,1
-168.0,26.0,1
-168.0,27.0,1
-168.0,28.0,1
-168.0,29.0,1
-168.0,30.0,1
-168.0,31.0,1
-168.0,32.0,1
-168.0,33.0,1
-168.0,34.0,1
-168.0,35.0,1
-168.0,36.0,1
-168.0,37.0,1
-168.0,42.0,1
-168.0,44.0,1
-168.0,45.0,1
-168.0,47.0,1
-168.0,50.0,1
-168.0,55.0,1
-168.0,57.0,2
-168.0,62.0,2
-168.0,69.0,2
-168.0,73.0,2
-168.0,83.0,2
-168.0,84.0,2
-168.0,88.0,2
-168.0,90.0,2
-167.0,-49.0,1
-167.0,1.0,1
-167.0,2.0,1
-167.0,3.0,1
-167.0,4.0,1
-167.0,5.0,1
-167.0,7.0,1
-167.0,8.0,1
-167.0,9.0,1
-167.0,11.0,1
-167.0,12.0,1
-167.0,13.0,1
-167.0,15.0,1
-167.0,19.0,1
-167.0,20.0,1
-167.0,22.0,1
-167.0,23.0,1
-167.0,24.0,1
-167.0,25.0,1
-167.0,26.0,1
-167.0,27.0,1
-167.0,28.0,1
-167.0,29.0,1
-167.0,30.0,1
-167.0,31.0,1
-167.0,32.0,1
-167.0,33.0,1
-167.0,34.0,1
-167.0,35.0,1
-167.0,36.0,1
-167.0,37.0,1
-167.0,38.0,1
-167.0,41.0,1
-167.0,43.0,1
-167.0,44.0,1
-167.0,45.0,1
-167.0,46.0,1
-167.0,47.0,1
-167.0,48.0,1
-167.0,50.0,1
-167.0,55.0,1
-167.0,60.0,2
-167.0,66.0,2
-167.0,84.0,2
-167.0,90.0,2
-166.0,1.0,1
-166.0,6.0,1
-166.0,7.0,1
-166.0,8.0,1
-166.0,9.0,1
-166.0,12.0,1
-166.0,13.0,1
-166.0,15.0,1
-166.0,21.0,1
-166.0,22.0,1
-166.0,23.0,1
-166.0,24.0,1
-166.0,25.0,1
-166.0,26.0,1
-166.0,27.0,1
-166.0,28.0,1
-166.0,29.0,1
-166.0,30.0,1
-166.0,31.0,1
-166.0,32.0,1
-166.0,33.0,1
-166.0,34.0,1
-166.0,35.0,1
-166.0,36.0,1
-166.0,37.0,1
-166.0,38.0,1
-166.0,39.0,1
-166.0,44.0,1
-166.0,45.0,1
-166.0,46.0,1
-166.0,49.0,1
-166.0,50.0,1
-166.0,51.0,1
-166.0,53.0,1
-166.0,75.0,2
-166.0,83.0,2
-166.0,84.0,2
-166.0,86.0,2
-166.0,87.0,2
-166.0,88.0,2
-166.0,90.0,2
-165.0,-70.0,2
-165.0,-69.0,2
-165.0,-24.0,1
-165.0,4.0,1
-165.0,5.0,1
-165.0,6.0,1
-165.0,7.0,1
-165.0,8.0,1
-165.0,12.0,1
-165.0,14.0,1
-165.0,15.0,1
-165.0,17.0,1
-165.0,22.0,1
-165.0,23.0,1
-165.0,24.0,1
-165.0,25.0,1
-165.0,26.0,1
-165.0,27.0,1
-165.0,28.0,1
-165.0,29.0,1
-165.0,30.0,1
-165.0,31.0,1
-165.0,32.0,1
-165.0,33.0,1
-165.0,34.0,1
-165.0,35.0,1
-165.0,36.0,1
-165.0,37.0,1
-165.0,38.0,1
-165.0,39.0,1
-165.0,42.0,1
-165.0,44.0,1
-165.0,45.0,1
-165.0,46.0,1
-165.0,49.0,1
-165.0,50.0,1
-165.0,51.0,1
-165.0,55.0,1
-165.0,58.0,2
-165.0,63.0,2
-165.0,75.0,2
-165.0,83.0,2
-165.0,86.0,2
-165.0,87.0,2
-165.0,88.0,2
-165.0,90.0,2
-164.0,-4.0,1
-164.0,3.0,1
-164.0,11.0,1
-164.0,12.0,1
-164.0,13.0,1
-164.0,14.0,1
-164.0,15.0,1
-164.0,16.0,1
-164.0,17.0,1
-164.0,20.0,1
-164.0,22.0,1
-164.0,23.0,1
-164.0,24.0,1
-164.0,25.0,1
-164.0,26.0,1
-164.0,27.0,1
-164.0,28.0,1
-164.0,29.0,1
-164.0,30.0,1
-164.0,31.0,1
-164.0,32.0,1
-164.0,33.0,1
-164.0,34.0,1
-164.0,35.0,1
-164.0,36.0,1
-164.0,37.0,1
-164.0,40.0,1
-164.0,41.0,1
-164.0,46.0,1
-164.0,84.0,2
-164.0,85.0,2
-164.0,86.0,2
-164.0,90.0,2
-163.0,3.0,1
-163.0,7.0,1
-163.0,8.0,1
-163.0,10.0,1
-163.0,11.0,1
-163.0,12.0,1
-163.0,13.0,1
-163.0,14.0,1
-163.0,15.0,1
-163.0,16.0,1
-163.0,17.0,1
-163.0,18.0,1
-163.0,19.0,1
-163.0,22.0,1
-163.0,23.0,1
-163.0,24.0,1
-163.0,25.0,1
-163.0,26.0,1
-163.0,27.0,1
-163.0,28.0,1
-163.0,29.0,1
-163.0,30.0,1
-163.0,31.0,1
-163.0,32.0,1
-163.0,33.0,1
-163.0,34.0,1
-163.0,35.0,1
-163.0,36.0,1
-163.0,37.0,1
-163.0,38.0,1
-163.0,41.0,1
-163.0,45.0,1
-163.0,46.0,1
-163.0,48.0,1
-163.0,49.0,1
-163.0,57.0,2
-163.0,58.0,2
-163.0,59.0,2
-163.0,70.0,2
-163.0,83.0,2
-163.0,84.0,2
-163.0,85.0,2
-163.0,88.0,2
-163.0,90.0,2
-162.0,6.0,1
-162.0,7.0,1
-162.0,8.0,1
-162.0,12.0,1
-162.0,13.0,1
-162.0,14.0,1
-162.0,15.0,1
-162.0,16.0,1
-162.0,17.0,1
-162.0,18.0,1
-162.0,19.0,1
-162.0,21.0,1
-162.0,22.0,1
-162.0,23.0,1
-162.0,24.0,1
-162.0,25.0,1
-162.0,26.0,1
-162.0,27.0,1
-162.0,28.0,1
-162.0,29.0,1
-162.0,30.0,1
-162.0,31.0,1
-162.0,32.0,1
-162.0,33.0,1
-162.0,34.0,1
-162.0,35.0,1
-162.0,36.0,1
-162.0,37.0,1
-162.0,38.0,1
-162.0,40.0,1
-162.0,41.0,1
-162.0,42.0,1
-162.0,43.0,1
-162.0,44.0,1
-162.0,45.0,1
-162.0,47.0,1
-162.0,49.0,1
-162.0,56.0,2
-162.0,70.0,2
-162.0,73.0,2
-162.0,83.0,2
-162.0,84.0,2
-162.0,85.0,2
-162.0,88.0,2
-162.0,90.0,2
-161.0,-69.0,2
-161.0,12.0,1
-161.0,14.0,1
-161.0,15.0,1
-161.0,16.0,1
-161.0,17.0,1
-161.0,18.0,1
-161.0,19.0,1
-161.0,20.0,1
-161.0,21.0,1
-161.0,22.0,1
-161.0,23.0,1
-161.0,24.0,1
-161.0,25.0,1
-161.0,26.0,1
-161.0,27.0,1
-161.0,28.0,1
-161.0,29.0,1
-161.0,30.0,1
-161.0,31.0,1
-161.0,32.0,1
-161.0,33.0,1
-161.0,34.0,1
-161.0,35.0,1
-161.0,36.0,1
-161.0,37.0,1
-161.0,38.0,1
-161.0,39.0,1
-161.0,42.0,1
-161.0,43.0,1
-161.0,44.0,1
-161.0,46.0,1
-161.0,47.0,1
-161.0,48.0,1
-161.0,54.0,1
-161.0,72.0,2
-161.0,83.0,2
-161.0,84.0,2
-161.0,86.0,2
-161.0,87.0,2
-161.0,90.0,2
-160.0,-15.0,1
-160.0,13.0,1
-160.0,14.0,1
-160.0,15.0,1
-160.0,16.0,1
-160.0,17.0,1
-160.0,18.0,1
-160.0,19.0,1
-160.0,20.0,1
-160.0,21.0,1
-160.0,22.0,1
-160.0,23.0,1
-160.0,24.0,1
-160.0,25.0,1
-160.0,26.0,1
-160.0,27.0,1
-160.0,28.0,1
-160.0,29.0,1
-160.0,30.0,1
-160.0,31.0,1
-160.0,32.0,1
-160.0,33.0,1
-160.0,34.0,1
-160.0,35.0,1
-160.0,36.0,1
-160.0,37.0,1
-160.0,38.0,1
-160.0,40.0,1
-160.0,41.0,1
-160.0,42.0,1
-160.0,44.0,1
-160.0,46.0,1
-160.0,47.0,1
-160.0,51.0,1
-160.0,56.0,2
-160.0,83.0,2
-160.0,84.0,2
-160.0,86.0,2
-160.0,88.0,2
-160.0,90.0,2
-159.0,-71.0,2
-159.0,14.0,1
-159.0,15.0,1
-159.0,16.0,1
-159.0,17.0,1
-159.0,18.0,1
-159.0,19.0,1
-159.0,20.0,1
-159.0,21.0,1
-159.0,22.0,1
-159.0,23.0,1
-159.0,24.0,1
-159.0,25.0,1
-159.0,26.0,1
-159.0,27.0,1
-159.0,28.0,1
-159.0,29.0,1
-159.0,30.0,1
-159.0,31.0,1
-159.0,32.0,1
-159.0,33.0,1
-159.0,34.0,1
-159.0,35.0,1
-159.0,36.0,1
-159.0,37.0,1
-159.0,38.0,1
-159.0,40.0,1
-159.0,41.0,1
-159.0,42.0,1
-159.0,47.0,1
-159.0,50.0,1
-159.0,54.0,1
-159.0,55.0,2
-159.0,58.0,2
-159.0,86.0,2
-159.0,87.0,2
-159.0,88.0,2
-159.0,90.0,2
-158.0,11.0,1
-158.0,12.0,1
-158.0,13.0,1
-158.0,14.0,1
-158.0,15.0,1
-158.0,16.0,1
-158.0,17.0,1
-158.0,18.0,1
-158.0,19.0,1
-158.0,20.0,1
-158.0,21.0,1
-158.0,22.0,1
-158.0,23.0,1
-158.0,24.0,1
-158.0,25.0,1
-158.0,26.0,1
-158.0,27.0,1
-158.0,28.0,1
-158.0,29.0,1
-158.0,30.0,1
-158.0,31.0,1
-158.0,32.0,1
-158.0,33.0,1
-158.0,34.0,1
-158.0,35.0,1
-158.0,36.0,1
-158.0,37.0,1
-158.0,38.0,1
-158.0,40.0,1
-158.0,46.0,1
-158.0,47.0,1
-158.0,50.0,1
-158.0,83.0,2
-158.0,84.0,2
-158.0,86.0,2
-158.0,88.0,2
-158.0,90.0,2
-157.0,-23.0,1
-157.0,12.0,1
-157.0,13.0,1
-157.0,14.0,1
-157.0,15.0,1
-157.0,16.0,1
-157.0,17.0,1
-157.0,18.0,1
-157.0,19.0,1
-157.0,20.0,1
-157.0,21.0,1
-157.0,22.0,1
-157.0,23.0,1
-157.0,24.0,1
-157.0,25.0,1
-157.0,26.0,1
-157.0,27.0,1
-157.0,28.0,1
-157.0,29.0,1
-157.0,30.0,1
-157.0,31.0,1
-157.0,32.0,1
-157.0,33.0,1
-157.0,34.0,1
-157.0,35.0,1
-157.0,36.0,1
-157.0,37.0,1
-157.0,38.0,1
-157.0,40.0,1
-157.0,43.0,1
-157.0,47.0,1
-157.0,52.0,1
-157.0,57.0,2
-157.0,58.0,2
-157.0,73.0,2
-157.0,83.0,2
-157.0,84.0,2
-157.0,86.0,2
-157.0,87.0,2
-157.0,90.0,2
-156.0,-74.0,2
-156.0,-21.0,1
-156.0,7.0,1
-156.0,9.0,1
-156.0,10.0,1
-156.0,13.0,1
-156.0,14.0,1
-156.0,15.0,1
-156.0,16.0,1
-156.0,17.0,1
-156.0,18.0,1
-156.0,19.0,1
-156.0,20.0,1
-156.0,21.0,1
-156.0,22.0,1
-156.0,23.0,1
-156.0,24.0,1
-156.0,25.0,1
-156.0,26.0,1
-156.0,27.0,1
-156.0,28.0,1
-156.0,29.0,1
-156.0,30.0,1
-156.0,31.0,1
-156.0,32.0,1
-156.0,33.0,1
-156.0,34.0,1
-156.0,35.0,1
-156.0,36.0,1
-156.0,37.0,1
-156.0,38.0,1
-156.0,39.0,1
-156.0,42.0,1
-156.0,43.0,1
-156.0,48.0,1
-156.0,49.0,1
-156.0,51.0,1
-156.0,58.0,2
-156.0,71.0,2
-156.0,83.0,2
-156.0,84.0,2
-156.0,86.0,2
-156.0,87.0,2
-156.0,90.0,2
-155.0,-74.0,2
-155.0,7.0,1
-155.0,8.0,1
-155.0,10.0,1
-155.0,11.0,1
-155.0,12.0,1
-155.0,13.0,1
-155.0,14.0,1
-155.0,16.0,1
-155.0,17.0,1
-155.0,18.0,1
-155.0,19.0,1
-155.0,20.0,1
-155.0,21.0,1
-155.0,22.0,1
-155.0,23.0,1
-155.0,24.0,1
-155.0,25.0,1
-155.0,26.0,1
-155.0,27.0,1
-155.0,28.0,1
-155.0,29.0,1
-155.0,30.0,1
-155.0,31.0,1
-155.0,32.0,1
-155.0,33.0,1
-155.0,34.0,1
-155.0,35.0,1
-155.0,36.0,1
-155.0,37.0,1
-155.0,38.0,1
-155.0,42.0,1
-155.0,43.0,1
-155.0,44.0,1
-155.0,46.0,1
-155.0,49.0,1
-155.0,61.0,2
-155.0,63.0,2
-155.0,64.0,2
-155.0,69.0,2
-155.0,83.0,2
-155.0,84.0,2
-155.0,86.0,2
-155.0,90.0,2
-154.0,0.0,1
-154.0,5.0,1
-154.0,6.0,1
-154.0,7.0,1
-154.0,8.0,1
-154.0,10.0,1
-154.0,11.0,1
-154.0,12.0,1
-154.0,13.0,1
-154.0,14.0,1
-154.0,16.0,1
-154.0,17.0,1
-154.0,18.0,1
-154.0,19.0,1
-154.0,20.0,1
-154.0,21.0,1
-154.0,22.0,1
-154.0,23.0,1
-154.0,24.0,1
-154.0,25.0,1
-154.0,26.0,1
-154.0,27.0,1
-154.0,28.0,1
-154.0,29.0,1
-154.0,30.0,1
-154.0,31.0,1
-154.0,32.0,1
-154.0,33.0,1
-154.0,34.0,1
-154.0,35.0,1
-154.0,36.0,1
-154.0,37.0,1
-154.0,38.0,1
-154.0,39.0,1
-154.0,41.0,1
-154.0,44.0,1
-154.0,69.0,2
-154.0,70.0,2
-154.0,84.0,2
-154.0,86.0,2
-154.0,87.0,2
-154.0,90.0,2
-153.0,-22.0,1
-153.0,-10.0,1
-153.0,2.0,1
-153.0,3.0,1
-153.0,4.0,1
-153.0,5.0,1
-153.0,7.0,1
-153.0,8.0,1
-153.0,9.0,1
-153.0,11.0,1
-153.0,12.0,1
-153.0,13.0,1
-153.0,14.0,1
-153.0,15.0,1
-153.0,16.0,1
-153.0,17.0,1
-153.0,18.0,1
-153.0,19.0,1
-153.0,20.0,1
-153.0,21.0,1
-153.0,22.0,1
-153.0,23.0,1
-153.0,24.0,1
-153.0,25.0,1
-153.0,26.0,1
-153.0,27.0,1
-153.0,28.0,1
-153.0,29.0,1
-153.0,30.0,1
-153.0,31.0,1
-153.0,32.0,1
-153.0,33.0,1
-153.0,36.0,1
-153.0,37.0,1
-153.0,39.0,1
-153.0,42.0,1
-153.0,47.0,1
-153.0,49.0,1
-153.0,54.0,1
-153.0,58.0,2
-153.0,83.0,2
-153.0,84.0,2
-153.0,86.0,2
-153.0,87.0,2
-153.0,90.0,2
-152.0,-28.0,1
-152.0,-26.0,1
-152.0,-1.0,1
-152.0,1.0,1
-152.0,3.0,1
-152.0,5.0,1
-152.0,6.0,1
-152.0,7.0,1
-152.0,8.0,1
-152.0,9.0,1
-152.0,10.0,1
-152.0,11.0,1
-152.0,12.0,1
-152.0,13.0,1
-152.0,14.0,1
-152.0,16.0,1
-152.0,17.0,1
-152.0,18.0,1
-152.0,19.0,1
-152.0,20.0,1
-152.0,21.0,1
-152.0,22.0,1
-152.0,24.0,1
-152.0,25.0,1
-152.0,26.0,1
-152.0,27.0,1
-152.0,28.0,1
-152.0,29.0,1
-152.0,30.0,1
-152.0,31.0,1
-152.0,32.0,1
-152.0,33.0,1
-152.0,34.0,1
-152.0,36.0,1
-152.0,37.0,1
-152.0,38.0,1
-152.0,39.0,1
-152.0,49.0,1
-152.0,52.0,1
-152.0,61.0,2
-152.0,62.0,2
-152.0,63.0,2
-152.0,64.0,2
-152.0,83.0,2
-152.0,84.0,2
-152.0,90.0,2
-151.0,-36.0,1
-151.0,-29.0,1
-151.0,-25.0,1
-151.0,-24.0,1
-151.0,-23.0,1
-151.0,-22.0,1
-151.0,-21.0,1
-151.0,-20.0,1
-151.0,-19.0,1
-151.0,-18.0,1
-151.0,-13.0,1
-151.0,-12.0,1
-151.0,-11.0,1
-151.0,-4.0,1
-151.0,-3.0,1
-151.0,-2.0,1
-151.0,-1.0,1
-151.0,0.0,1
-151.0,4.0,1
-151.0,5.0,1
-151.0,7.0,1
-151.0,8.0,1
-151.0,9.0,1
-151.0,10.0,1
-151.0,11.0,1
-151.0,12.0,1
-151.0,13.0,1
-151.0,14.0,1
-151.0,16.0,1
-151.0,18.0,1
-151.0,19.0,1
-151.0,20.0,1
-151.0,21.0,1
-151.0,22.0,1
-151.0,23.0,1
-151.0,24.0,1
-151.0,25.0,1
-151.0,26.0,1
-151.0,27.0,1
-151.0,28.0,1
-151.0,29.0,1
-151.0,30.0,1
-151.0,31.0,1
-151.0,32.0,1
-151.0,33.0,1
-151.0,34.0,1
-151.0,35.0,1
-151.0,36.0,1
-151.0,37.0,1
-151.0,62.0,2
-151.0,66.0,2
-151.0,83.0,2
-151.0,84.0,2
-151.0,86.0,2
-151.0,90.0,2
-150.0,-29.0,1
-150.0,-28.0,1
-150.0,-24.0,1
-150.0,-22.0,1
-150.0,-21.0,1
-150.0,-20.0,1
-150.0,-19.0,1
-150.0,-12.0,1
-150.0,-10.0,1
-150.0,-6.0,1
-150.0,-4.0,1
-150.0,-3.0,1
-150.0,-2.0,1
-150.0,-1.0,1
-150.0,8.0,1
-150.0,9.0,1
-150.0,10.0,1
-150.0,11.0,1
-150.0,12.0,1
-150.0,17.0,1
-150.0,18.0,1
-150.0,19.0,1
-150.0,20.0,1
-150.0,25.0,1
-150.0,26.0,1
-150.0,27.0,1
-150.0,28.0,1
-150.0,29.0,1
-150.0,30.0,1
-150.0,31.0,1
-150.0,32.0,1
-150.0,33.0,1
-150.0,34.0,1
-150.0,35.0,1
-150.0,37.0,1
-150.0,38.0,1
-150.0,41.0,1
-150.0,42.0,1
-150.0,47.0,1
-150.0,51.0,1
-150.0,58.0,2
-150.0,83.0,2
-150.0,84.0,2
-150.0,86.0,2
-150.0,90.0,2
-149.0,-29.0,1
-149.0,-28.0,1
-149.0,-23.0,1
-149.0,-22.0,1
-149.0,-21.0,1
-149.0,-20.0,1
-149.0,-16.0,1
-149.0,-14.0,1
-149.0,-12.0,1
-149.0,-11.0,1
-149.0,-10.0,1
-149.0,-5.0,1
-149.0,-4.0,1
-149.0,-3.0,1
-149.0,12.0,1
-149.0,14.0,1
-149.0,28.0,1
-149.0,29.0,1
-149.0,30.0,1
-149.0,31.0,1
-149.0,32.0,1
-149.0,33.0,1
-149.0,34.0,1
-149.0,35.0,1
-149.0,41.0,1
-149.0,42.0,1
-149.0,43.0,1
-149.0,48.0,1
-149.0,50.0,1
-149.0,56.0,2
-149.0,62.0,2
-149.0,83.0,2
-149.0,84.0,2
-149.0,85.0,2
-149.0,86.0,2
-149.0,87.0,2
-149.0,90.0,2
-148.0,-24.0,1
-148.0,-15.0,1
-148.0,-14.0,1
-148.0,-13.0,1
-148.0,-4.0,1
-148.0,3.0,1
-148.0,14.0,1
-148.0,15.0,1
-148.0,29.0,1
-148.0,30.0,1
-148.0,31.0,1
-148.0,32.0,1
-148.0,33.0,1
-148.0,36.0,1
-148.0,37.0,1
-148.0,38.0,1
-148.0,41.0,1
-148.0,42.0,1
-148.0,46.0,1
-148.0,63.0,2
-148.0,66.0,2
-148.0,83.0,2
-148.0,85.0,2
-148.0,86.0,2
-148.0,87.0,2
-148.0,90.0,2
-147.0,-55.0,1
-147.0,-18.0,1
-147.0,-17.0,1
-147.0,-16.0,1
-147.0,-13.0,1
-147.0,-5.0,1
-147.0,3.0,1
-147.0,13.0,1
-147.0,31.0,1
-147.0,32.0,1
-147.0,33.0,1
-147.0,34.0,1
-147.0,37.0,1
-147.0,38.0,1
-147.0,40.0,1
-147.0,42.0,1
-147.0,44.0,1
-147.0,48.0,1
-147.0,49.0,1
-147.0,63.0,2
-147.0,72.0,2
-147.0,83.0,2
-147.0,84.0,2
-147.0,85.0,2
-147.0,86.0,2
-147.0,87.0,2
-147.0,90.0,2
-146.0,-16.0,1
-146.0,-15.0,1
-146.0,-14.0,1
-146.0,33.0,1
-146.0,34.0,1
-146.0,35.0,1
-146.0,37.0,1
-146.0,47.0,1
-146.0,48.0,1
-146.0,50.0,1
-146.0,83.0,2
-146.0,84.0,2
-146.0,85.0,2
-146.0,87.0,2
-146.0,90.0,2
-145.0,-15.0,1
-145.0,-13.0,1
-145.0,34.0,1
-145.0,35.0,1
-145.0,36.0,1
-145.0,47.0,1
-145.0,53.0,1
-145.0,63.0,2
-145.0,83.0,2
-145.0,84.0,2
-145.0,85.0,2
-145.0,86.0,2
-145.0,87.0,2
-145.0,90.0,2
-144.0,-24.0,1
-144.0,-10.0,1
-144.0,-7.0,1
-144.0,34.0,1
-144.0,35.0,1
-144.0,36.0,1
-144.0,37.0,1
-144.0,38.0,1
-144.0,50.0,1
-144.0,51.0,1
-144.0,83.0,2
-144.0,84.0,2
-144.0,85.0,2
-144.0,86.0,2
-144.0,87.0,2
-144.0,90.0,2
-143.0,-24.0,1
-143.0,-8.0,1
-143.0,35.0,1
-143.0,36.0,1
-143.0,37.0,1
-143.0,44.0,1
-143.0,58.0,2
-143.0,67.0,2
-143.0,84.0,2
-143.0,86.0,2
-143.0,87.0,2
-143.0,89.0,2
-143.0,90.0,2
-142.0,37.0,1
-142.0,38.0,1
-142.0,40.0,1
-142.0,60.0,2
-142.0,65.0,2
-142.0,83.0,2
-142.0,86.0,2
-142.0,87.0,2
-142.0,89.0,2
-142.0,90.0,2
-141.0,-8.0,1
-141.0,23.0,1
-141.0,24.0,1
-141.0,50.0,1
-141.0,52.0,1
-141.0,55.0,2
-141.0,59.0,2
-141.0,83.0,2
-141.0,87.0,2
-141.0,89.0,2
-141.0,90.0,2
-140.0,-25.0,1
-140.0,23.0,1
-140.0,24.0,1
-140.0,25.0,1
-140.0,52.0,1
-140.0,53.0,1
-140.0,54.0,1
-140.0,56.0,2
-140.0,58.0,2
-140.0,59.0,2
-140.0,83.0,2
-140.0,84.0,2
-140.0,86.0,2
-140.0,90.0,2
-139.0,23.0,1
-139.0,24.0,1
-139.0,25.0,1
-139.0,53.0,1
-139.0,54.0,1
-139.0,55.0,1
-139.0,58.0,2
-139.0,59.0,2
-139.0,60.0,2
-139.0,86.0,2
-139.0,90.0,2
-138.0,12.0,1
-138.0,24.0,1
-138.0,25.0,1
-138.0,26.0,1
-138.0,49.0,1
-138.0,54.0,1
-138.0,58.0,2
-138.0,69.0,2
-138.0,73.0,2
-138.0,74.0,2
-138.0,86.0,2
-138.0,89.0,2
-138.0,90.0,2
-137.0,24.0,1
-137.0,52.0,1
-137.0,53.0,1
-137.0,54.0,1
-137.0,55.0,1
-137.0,57.0,2
-137.0,60.0,2
-137.0,62.0,2
-137.0,63.0,2
-137.0,86.0,2
-137.0,89.0,2
-137.0,90.0,2
-136.0,50.0,1
-136.0,51.0,1
-136.0,55.0,1
-136.0,56.0,2
-136.0,60.0,2
-136.0,61.0,2
-136.0,62.0,2
-136.0,63.0,2
-136.0,64.0,2
-136.0,66.0,2
-136.0,87.0,2
-136.0,89.0,2
-136.0,90.0,2
-135.0,52.0,1
-135.0,54.0,1
-135.0,59.0,2
-135.0,61.0,2
-135.0,62.0,2
-135.0,63.0,2
-135.0,84.0,2
-135.0,86.0,2
-135.0,87.0,2
-135.0,88.0,2
-135.0,89.0,2
-135.0,90.0,2
-134.0,45.0,1
-134.0,50.0,1
-134.0,52.0,1
-134.0,53.0,1
-134.0,54.0,1
-134.0,55.0,1
-134.0,56.0,2
-134.0,57.0,2
-134.0,59.0,2
-134.0,60.0,2
-134.0,63.0,2
-134.0,64.0,2
-134.0,87.0,2
-134.0,89.0,2
-134.0,90.0,2
-133.0,32.0,1
-133.0,33.0,1
-133.0,50.0,1
-133.0,54.0,1
-133.0,56.0,2
-133.0,57.0,2
-133.0,60.0,2
-133.0,64.0,2
-133.0,72.0,2
-133.0,87.0,2
-133.0,89.0,2
-133.0,90.0,2
-132.0,31.0,1
-132.0,32.0,1
-132.0,33.0,1
-132.0,59.0,2
-132.0,61.0,2
-132.0,63.0,2
-132.0,64.0,2
-132.0,65.0,2
-132.0,83.0,2
-132.0,87.0,2
-132.0,89.0,2
-132.0,90.0,2
-131.0,25.0,1
-131.0,57.0,2
-131.0,59.0,2
-131.0,61.0,2
-131.0,63.0,2
-131.0,64.0,2
-131.0,73.0,2
-131.0,82.0,2
-131.0,87.0,2
-131.0,88.0,2
-131.0,89.0,2
-131.0,90.0,2
-130.0,26.0,1
-130.0,60.0,2
-130.0,61.0,2
-130.0,62.0,2
-130.0,63.0,2
-130.0,64.0,2
-130.0,82.0,2
-130.0,88.0,2
-130.0,89.0,2
-130.0,90.0,2
-129.0,13.0,1
-129.0,33.0,1
-129.0,36.0,1
-129.0,51.0,1
-129.0,59.0,2
-129.0,60.0,2
-129.0,61.0,2
-129.0,62.0,2
-129.0,63.0,2
-129.0,64.0,2
-129.0,82.0,2
-129.0,87.0,2
-129.0,88.0,2
-129.0,90.0,2
-128.0,27.0,1
-128.0,54.0,1
-128.0,59.0,2
-128.0,60.0,2
-128.0,63.0,2
-128.0,64.0,2
-128.0,65.0,2
-128.0,76.0,2
-128.0,82.0,2
-128.0,83.0,2
-128.0,88.0,2
-128.0,89.0,2
-128.0,90.0,2
-127.0,25.0,1
-127.0,39.0,1
-127.0,62.0,2
-127.0,63.0,2
-127.0,69.0,2
-127.0,82.0,2
-127.0,83.0,2
-127.0,87.0,2
-127.0,88.0,2
-127.0,90.0,2
-126.0,59.0,2
-126.0,61.0,2
-126.0,62.0,2
-126.0,63.0,2
-126.0,87.0,2
-126.0,88.0,2
-126.0,90.0,2
-125.0,22.0,1
-125.0,60.0,2
-125.0,61.0,2
-125.0,62.0,2
-125.0,63.0,2
-125.0,66.0,2
-125.0,82.0,2
-125.0,84.0,2
-125.0,85.0,2
-125.0,87.0,2
-125.0,88.0,2
-125.0,89.0,2
-125.0,90.0,2
-124.0,51.0,1
-124.0,60.0,2
-124.0,61.0,2
-124.0,64.0,2
-124.0,65.0,2
-124.0,67.0,2
-124.0,82.0,2
-124.0,86.0,2
-124.0,87.0,2
-124.0,88.0,2
-124.0,89.0,2
-124.0,90.0,2
-123.0,16.0,1
-123.0,60.0,2
-123.0,63.0,2
-123.0,65.0,2
-123.0,67.0,2
-123.0,86.0,2
-123.0,89.0,2
-123.0,90.0,2
-122.0,60.0,2
-122.0,61.0,2
-122.0,64.0,2
-122.0,65.0,2
-122.0,66.0,2
-122.0,73.0,2
-122.0,86.0,2
-122.0,88.0,2
-122.0,89.0,2
-122.0,90.0,2
-121.0,61.0,2
-121.0,64.0,2
-121.0,65.0,2
-121.0,75.0,2
-121.0,84.0,2
-121.0,88.0,2
-121.0,89.0,2
-121.0,90.0,2
-120.0,60.0,2
-120.0,61.0,2
-120.0,64.0,2
-120.0,65.0,2
-120.0,75.0,2
-120.0,79.0,2
-120.0,86.0,2
-120.0,88.0,2
-120.0,89.0,2
-120.0,90.0,2
-119.0,52.0,1
-119.0,54.0,1
-119.0,61.0,2
-119.0,63.0,2
-119.0,66.0,2
-119.0,67.0,2
-119.0,69.0,2
-119.0,83.0,2
-119.0,88.0,2
-119.0,89.0,2
-119.0,90.0,2
-118.0,61.0,2
-118.0,62.0,2
-118.0,63.0,2
-118.0,64.0,2
-118.0,66.0,2
-118.0,73.0,2
-118.0,75.0,2
-118.0,81.0,2
-118.0,86.0,2
-118.0,89.0,2
-118.0,90.0,2
-117.0,53.0,1
-117.0,63.0,2
-117.0,64.0,2
-117.0,66.0,2
-117.0,67.0,2
-117.0,78.0,2
-117.0,81.0,2
-117.0,86.0,2
-117.0,87.0,2
-117.0,89.0,2
-117.0,90.0,2
-116.0,62.0,2
-116.0,64.0,2
-116.0,65.0,2
-116.0,67.0,2
-116.0,71.0,2
-116.0,72.0,2
-116.0,79.0,2
-116.0,81.0,2
-116.0,89.0,2
-116.0,90.0,2
-115.0,56.0,2
-115.0,64.0,2
-115.0,65.0,2
-115.0,72.0,2
-115.0,75.0,2
-115.0,78.0,2
-115.0,83.0,2
-115.0,86.0,2
-115.0,89.0,2
-115.0,90.0,2
-114.0,65.0,2
-114.0,67.0,2
-114.0,83.0,2
-114.0,86.0,2
-114.0,88.0,2
-114.0,90.0,2
-113.0,-60.0,2
-113.0,-58.0,2
-113.0,62.0,2
-113.0,63.0,2
-113.0,64.0,2
-113.0,65.0,2
-113.0,66.0,2
-113.0,67.0,2
-113.0,71.0,2
-113.0,87.0,2
-113.0,88.0,2
-113.0,89.0,2
-113.0,90.0,2
-112.0,62.0,2
-112.0,64.0,2
-112.0,65.0,2
-112.0,66.0,2
-112.0,84.0,2
-112.0,85.0,2
-112.0,87.0,2
-112.0,88.0,2
-112.0,89.0,2
-112.0,90.0,2
-111.0,63.0,2
-111.0,64.0,2
-111.0,66.0,2
-111.0,74.0,2
-111.0,80.0,2
-111.0,82.0,2
-111.0,84.0,2
-111.0,85.0,2
-111.0,86.0,2
-111.0,89.0,2
-111.0,90.0,2
-110.0,62.0,2
-110.0,65.0,2
-110.0,80.0,2
-110.0,81.0,2
-110.0,84.0,2
-110.0,88.0,2
-110.0,89.0,2
-110.0,90.0,2
-109.0,-56.0,2
-109.0,62.0,2
-109.0,65.0,2
-109.0,66.0,2
-109.0,73.0,2
-109.0,80.0,2
-109.0,81.0,2
-109.0,82.0,2
-109.0,86.0,2
-109.0,87.0,2
-109.0,88.0,2
-109.0,90.0,2
-108.0,61.0,2
-108.0,62.0,2
-108.0,64.0,2
-108.0,66.0,2
-108.0,82.0,2
-108.0,84.0,2
-108.0,89.0,2
-108.0,90.0,2
-107.0,62.0,2
-107.0,64.0,2
-107.0,65.0,2
-107.0,66.0,2
-107.0,67.0,2
-107.0,80.0,2
-107.0,82.0,2
-107.0,83.0,2
-107.0,84.0,2
-107.0,88.0,2
-107.0,89.0,2
-107.0,90.0,2
-106.0,57.0,2
-106.0,62.0,2
-106.0,64.0,2
-106.0,65.0,2
-106.0,67.0,2
-106.0,72.0,2
-106.0,80.0,2
-106.0,83.0,2
-106.0,86.0,2
-106.0,87.0,2
-106.0,89.0,2
-106.0,90.0,2
-105.0,64.0,2
-105.0,65.0,2
-105.0,66.0,2
-105.0,67.0,2
-105.0,77.0,2
-105.0,85.0,2
-105.0,87.0,2
-105.0,88.0,2
-105.0,89.0,2
-105.0,90.0,2
-104.0,62.0,2
-104.0,63.0,2
-104.0,64.0,2
-104.0,66.0,2
-104.0,69.0,2
-104.0,82.0,2
-104.0,85.0,2
-104.0,87.0,2
-104.0,88.0,2
-104.0,89.0,2
-104.0,90.0,2
-103.0,62.0,2
-103.0,63.0,2
-103.0,64.0,2
-103.0,66.0,2
-103.0,79.0,2
-103.0,82.0,2
-103.0,87.0,2
-103.0,88.0,2
-103.0,89.0,2
-103.0,90.0,2
-102.0,62.0,2
-102.0,63.0,2
-102.0,65.0,2
-102.0,67.0,2
-102.0,69.0,2
-102.0,75.0,2
-102.0,76.0,2
-102.0,83.0,2
-102.0,87.0,2
-102.0,88.0,2
-102.0,89.0,2
-102.0,90.0,2
-101.0,-64.0,2
-101.0,62.0,2
-101.0,66.0,2
-101.0,83.0,2
-101.0,84.0,2
-101.0,87.0,2
-101.0,89.0,2
-101.0,90.0,2
-100.0,69.0,2
-100.0,72.0,2
-100.0,74.0,2
-100.0,75.0,2
-100.0,82.0,2
-100.0,84.0,2
-100.0,87.0,2
-100.0,89.0,2
-100.0,90.0,2
-99.0,64.0,2
-99.0,72.0,2
-99.0,74.0,2
-99.0,75.0,2
-99.0,79.0,2
-99.0,80.0,2
-99.0,82.0,2
-99.0,83.0,2
-99.0,87.0,2
-99.0,89.0,2
-99.0,90.0,2
-98.0,65.0,2
-98.0,72.0,2
-98.0,79.0,2
-98.0,80.0,2
-98.0,81.0,2
-98.0,82.0,2
-98.0,83.0,2
-98.0,84.0,2
-98.0,87.0,2
-98.0,89.0,2
-98.0,90.0,2
-97.0,64.0,2
-97.0,68.0,2
-97.0,75.0,2
-97.0,80.0,2
-97.0,84.0,2
-97.0,87.0,2
-97.0,89.0,2
-97.0,90.0,2
-96.0,45.0,1
-96.0,72.0,2
-96.0,75.0,2
-96.0,85.0,2
-96.0,87.0,2
-96.0,89.0,2
-96.0,90.0,2
-95.0,37.0,1
-95.0,39.0,1
-95.0,40.0,1
-95.0,43.0,1
-95.0,46.0,1
-95.0,72.0,2
-95.0,80.0,2
-95.0,81.0,2
-95.0,86.0,2
-95.0,89.0,2
-95.0,90.0,2
-94.0,84.0,2
-94.0,86.0,2
-94.0,89.0,2
-94.0,90.0,2
-93.0,36.0,1
-93.0,72.0,2
-93.0,77.0,2
-93.0,81.0,2
-93.0,89.0,2
-93.0,90.0,2
-92.0,33.0,1
-92.0,42.0,1
-92.0,72.0,2
-92.0,73.0,2
-92.0,77.0,2
-92.0,79.0,2
-92.0,81.0,2
-92.0,82.0,2
-92.0,84.0,2
-92.0,87.0,2
-92.0,89.0,2
-92.0,90.0,2
-91.0,60.0,2
-91.0,65.0,2
-91.0,67.0,2
-91.0,68.0,2
-91.0,71.0,2
-91.0,72.0,2
-91.0,73.0,2
-91.0,74.0,2
-91.0,81.0,2
-91.0,82.0,2
-91.0,83.0,2
-91.0,86.0,2
-91.0,87.0,2
-91.0,89.0,2
-91.0,90.0,2
-90.0,60.0,2
-90.0,68.0,2
-90.0,71.0,2
-90.0,72.0,2
-90.0,74.0,2
-90.0,80.0,2
-90.0,84.0,2
-90.0,85.0,2
-90.0,86.0,2
-90.0,89.0,2
-90.0,90.0,2
-89.0,60.0,2
-89.0,72.0,2
-89.0,81.0,2
-89.0,85.0,2
-89.0,86.0,2
-89.0,89.0,2
-89.0,90.0,2
-88.0,32.0,1
-88.0,44.0,1
-88.0,59.0,2
-88.0,60.0,2
-88.0,65.0,2
-88.0,67.0,2
-88.0,68.0,2
-88.0,71.0,2
-88.0,79.0,2
-88.0,83.0,2
-88.0,86.0,2
-88.0,89.0,2
-88.0,90.0,2
-87.0,67.0,2
-87.0,69.0,2
-87.0,70.0,2
-87.0,71.0,2
-87.0,73.0,2
-87.0,82.0,2
-87.0,83.0,2
-87.0,86.0,2
-87.0,87.0,2
-87.0,89.0,2
-87.0,90.0,2
-86.0,27.0,1
-86.0,28.0,1
-86.0,59.0,2
-86.0,67.0,2
-86.0,76.0,2
-86.0,82.0,2
-86.0,83.0,2
-86.0,84.0,2
-86.0,85.0,2
-86.0,86.0,2
-86.0,89.0,2
-86.0,90.0,2
-85.0,-60.0,2
-85.0,21.0,1
-85.0,28.0,1
-85.0,29.0,1
-85.0,46.0,1
-85.0,55.0,2
-85.0,58.0,2
-85.0,67.0,2
-85.0,71.0,2
-85.0,74.0,2
-85.0,82.0,2
-85.0,84.0,2
-85.0,85.0,2
-85.0,88.0,2
-85.0,89.0,2
-85.0,90.0,2
-84.0,15.0,1
-84.0,18.0,1
-84.0,19.0,1
-84.0,23.0,1
-84.0,25.0,1
-84.0,27.0,1
-84.0,28.0,1
-84.0,29.0,1
-84.0,31.0,1
-84.0,71.0,2
-84.0,78.0,2
-84.0,82.0,2
-84.0,84.0,2
-84.0,85.0,2
-84.0,87.0,2
-84.0,89.0,2
-84.0,90.0,2
-83.0,12.0,1
-83.0,16.0,1
-83.0,17.0,1
-83.0,18.0,1
-83.0,22.0,1
-83.0,57.0,2
-83.0,58.0,2
-83.0,62.0,2
-83.0,69.0,2
-83.0,75.0,2
-83.0,84.0,2
-83.0,86.0,2
-83.0,87.0,2
-83.0,88.0,2
-83.0,89.0,2
-83.0,90.0,2
-82.0,-59.0,2
-82.0,10.0,1
-82.0,12.0,1
-82.0,15.0,1
-82.0,16.0,1
-82.0,19.0,1
-82.0,20.0,1
-82.0,25.0,1
-82.0,56.0,2
-82.0,57.0,2
-82.0,70.0,2
-82.0,73.0,2
-82.0,75.0,2
-82.0,84.0,2
-82.0,85.0,2
-82.0,86.0,2
-82.0,89.0,2
-82.0,90.0,2
-81.0,3.0,1
-81.0,4.0,1
-81.0,5.0,1
-81.0,14.0,1
-81.0,17.0,1
-81.0,18.0,1
-81.0,19.0,1
-81.0,20.0,1
-81.0,23.0,1
-81.0,25.0,1
-81.0,56.0,2
-81.0,57.0,2
-81.0,58.0,2
-81.0,59.0,2
-81.0,66.0,2
-81.0,69.0,2
-81.0,70.0,2
-81.0,73.0,2
-81.0,74.0,2
-81.0,85.0,2
-81.0,89.0,2
-81.0,90.0,2
-80.0,2.0,1
-80.0,3.0,1
-80.0,4.0,1
-80.0,5.0,1
-80.0,7.0,1
-80.0,14.0,1
-80.0,16.0,1
-80.0,18.0,1
-80.0,19.0,1
-80.0,20.0,1
-80.0,57.0,2
-80.0,66.0,2
-80.0,71.0,2
-80.0,73.0,2
-80.0,84.0,2
-80.0,87.0,2
-80.0,89.0,2
-80.0,90.0,2
-79.0,3.0,1
-79.0,4.0,1
-79.0,6.0,1
-79.0,7.0,1
-79.0,8.0,1
-79.0,9.0,1
-79.0,17.0,1
-79.0,18.0,1
-79.0,19.0,1
-79.0,22.0,1
-79.0,23.0,1
-79.0,24.0,1
-79.0,29.0,1
-79.0,51.0,1
-79.0,55.0,1
-79.0,57.0,2
-79.0,63.0,2
-79.0,72.0,2
-79.0,73.0,2
-79.0,74.0,2
-79.0,79.0,2
-79.0,89.0,2
-79.0,90.0,2
-78.0,5.0,1
-78.0,6.0,1
-78.0,8.0,1
-78.0,9.0,1
-78.0,12.0,1
-78.0,14.0,1
-78.0,15.0,1
-78.0,20.0,1
-78.0,23.0,1
-78.0,54.0,1
-78.0,57.0,2
-78.0,66.0,2
-78.0,69.0,2
-78.0,73.0,2
-78.0,74.0,2
-78.0,76.0,2
-78.0,79.0,2
-78.0,84.0,2
-78.0,86.0,2
-78.0,89.0,2
-78.0,90.0,2
-77.0,13.0,1
-77.0,14.0,1
-77.0,15.0,1
-77.0,16.0,1
-77.0,17.0,1
-77.0,21.0,1
-77.0,32.0,1
-77.0,55.0,2
-77.0,57.0,2
-77.0,69.0,2
-77.0,74.0,2
-77.0,77.0,2
-77.0,78.0,2
-77.0,84.0,2
-77.0,86.0,2
-77.0,89.0,2
-77.0,90.0,2
-76.0,9.0,1
-76.0,10.0,1
-76.0,11.0,1
-76.0,12.0,1
-76.0,13.0,1
-76.0,14.0,1
-76.0,15.0,1
-76.0,16.0,1
-76.0,17.0,1
-76.0,24.0,1
-76.0,51.0,1
-76.0,52.0,1
-76.0,53.0,1
-76.0,57.0,2
-76.0,74.0,2
-76.0,77.0,2
-76.0,84.0,2
-76.0,85.0,2
-76.0,89.0,2
-76.0,90.0,2
-75.0,10.0,1
-75.0,13.0,1
-75.0,14.0,1
-75.0,15.0,1
-75.0,22.0,1
-75.0,30.0,1
-75.0,31.0,1
-75.0,51.0,1
-75.0,52.0,1
-75.0,73.0,2
-75.0,77.0,2
-75.0,78.0,2
-75.0,79.0,2
-75.0,84.0,2
-75.0,87.0,2
-75.0,88.0,2
-75.0,89.0,2
-75.0,90.0,2
-74.0,51.0,1
-74.0,55.0,2
-74.0,72.0,2
-74.0,73.0,2
-74.0,74.0,2
-74.0,75.0,2
-74.0,79.0,2
-74.0,84.0,2
-74.0,85.0,2
-74.0,88.0,2
-74.0,89.0,2
-74.0,90.0,2
-73.0,11.0,1
-73.0,50.0,1
-73.0,51.0,1
-73.0,56.0,2
-73.0,72.0,2
-73.0,73.0,2
-73.0,85.0,2
-73.0,88.0,2
-73.0,89.0,2
-73.0,90.0,2
-72.0,13.0,1
-72.0,14.0,1
-72.0,15.0,1
-72.0,32.0,1
-72.0,50.0,1
-72.0,72.0,2
-72.0,75.0,2
-72.0,76.0,2
-72.0,85.0,2
-72.0,88.0,2
-72.0,89.0,2
-72.0,90.0,2
-71.0,14.0,1
-71.0,30.0,1
-71.0,51.0,1
-71.0,54.0,1
-71.0,56.0,2
-71.0,71.0,2
-71.0,72.0,2
-71.0,73.0,2
-71.0,80.0,2
-71.0,82.0,2
-71.0,84.0,2
-71.0,86.0,2
-71.0,88.0,2
-71.0,89.0,2
-71.0,90.0,2
-70.0,13.0,1
-70.0,16.0,1
-70.0,20.0,1
-70.0,22.0,1
-70.0,40.0,1
-70.0,55.0,1
-70.0,56.0,2
-70.0,68.0,2
-70.0,71.0,2
-70.0,72.0,2
-70.0,73.0,2
-70.0,74.0,2
-70.0,84.0,2
-70.0,86.0,2
-70.0,88.0,2
-70.0,89.0,2
-70.0,90.0,2
-69.0,20.0,1
-69.0,22.0,1
-69.0,54.0,1
-69.0,71.0,2
-69.0,72.0,2
-69.0,73.0,2
-69.0,74.0,2
-69.0,75.0,2
-69.0,81.0,2
-69.0,82.0,2
-69.0,84.0,2
-69.0,85.0,2
-69.0,86.0,2
-69.0,88.0,2
-69.0,89.0,2
-69.0,90.0,2
-68.0,10.0,1
-68.0,14.0,1
-68.0,21.0,1
-68.0,26.0,1
-68.0,61.0,2
-68.0,71.0,2
-68.0,72.0,2
-68.0,73.0,2
-68.0,74.0,2
-68.0,75.0,2
-68.0,81.0,2
-68.0,82.0,2
-68.0,84.0,2
-68.0,86.0,2
-68.0,87.0,2
-68.0,88.0,2
-68.0,89.0,2
-68.0,90.0,2
-67.0,14.0,1
-67.0,15.0,1
-67.0,17.0,1
-67.0,22.0,1
-67.0,27.0,1
-67.0,39.0,1
-67.0,69.0,2
-67.0,71.0,2
-67.0,72.0,2
-67.0,73.0,2
-67.0,74.0,2
-67.0,82.0,2
-67.0,83.0,2
-67.0,84.0,2
-67.0,85.0,2
-67.0,86.0,2
-67.0,87.0,2
-67.0,88.0,2
-67.0,89.0,2
-67.0,90.0,2
-66.0,10.0,1
-66.0,17.0,1
-66.0,18.0,1
-66.0,22.0,1
-66.0,27.0,1
-66.0,38.0,1
-66.0,70.0,2
-66.0,71.0,2
-66.0,72.0,2
-66.0,73.0,2
-66.0,76.0,2
-66.0,82.0,2
-66.0,83.0,2
-66.0,85.0,2
-66.0,86.0,2
-66.0,88.0,2
-66.0,89.0,2
-66.0,90.0,2
-65.0,17.0,1
-65.0,18.0,1
-65.0,19.0,1
-65.0,21.0,1
-65.0,23.0,1
-65.0,55.0,2
-65.0,68.0,2
-65.0,69.0,2
-65.0,70.0,2
-65.0,71.0,2
-65.0,72.0,2
-65.0,73.0,2
-65.0,74.0,2
-65.0,81.0,2
-65.0,82.0,2
-65.0,83.0,2
-65.0,86.0,2
-65.0,89.0,2
-65.0,90.0,2
-64.0,-72.0,2
-64.0,-71.0,2
-64.0,9.0,1
-64.0,16.0,1
-64.0,17.0,1
-64.0,18.0,1
-64.0,19.0,1
-64.0,24.0,1
-64.0,56.0,2
-64.0,58.0,2
-64.0,61.0,2
-64.0,71.0,2
-64.0,72.0,2
-64.0,73.0,2
-64.0,82.0,2
-64.0,83.0,2
-64.0,86.0,2
-64.0,87.0,2
-64.0,88.0,2
-64.0,89.0,2
-64.0,90.0,2
-63.0,-73.0,2
-63.0,7.0,1
-63.0,16.0,1
-63.0,18.0,1
-63.0,19.0,1
-63.0,22.0,1
-63.0,54.0,1
-63.0,58.0,2
-63.0,62.0,2
-63.0,69.0,2
-63.0,71.0,2
-63.0,72.0,2
-63.0,73.0,2
-63.0,74.0,2
-63.0,82.0,2
-63.0,83.0,2
-63.0,86.0,2
-63.0,87.0,2
-63.0,89.0,2
-63.0,90.0,2
-62.0,9.0,1
-62.0,10.0,1
-62.0,14.0,1
-62.0,15.0,1
-62.0,16.0,1
-62.0,17.0,1
-62.0,18.0,1
-62.0,19.0,1
-62.0,40.0,1
-62.0,54.0,1
-62.0,55.0,1
-62.0,58.0,2
-62.0,59.0,2
-62.0,60.0,2
-62.0,66.0,2
-62.0,70.0,2
-62.0,71.0,2
-62.0,72.0,2
-62.0,73.0,2
-62.0,77.0,2
-62.0,83.0,2
-62.0,86.0,2
-62.0,87.0,2
-62.0,88.0,2
-62.0,89.0,2
-62.0,90.0,2
-61.0,11.0,1
-61.0,13.0,1
-61.0,14.0,1
-61.0,15.0,1
-61.0,16.0,1
-61.0,17.0,1
-61.0,18.0,1
-61.0,20.0,1
-61.0,54.0,1
-61.0,62.0,2
-61.0,68.0,2
-61.0,70.0,2
-61.0,71.0,2
-61.0,72.0,2
-61.0,73.0,2
-61.0,77.0,2
-61.0,82.0,2
-61.0,84.0,2
-61.0,85.0,2
-61.0,86.0,2
-61.0,87.0,2
-61.0,88.0,2
-61.0,89.0,2
-61.0,90.0,2
-60.0,-74.0,2
-60.0,2.0,1
-60.0,10.0,1
-60.0,14.0,1
-60.0,16.0,1
-60.0,17.0,1
-60.0,18.0,1
-60.0,19.0,1
-60.0,25.0,1
-60.0,57.0,2
-60.0,68.0,2
-60.0,71.0,2
-60.0,72.0,2
-60.0,74.0,2
-60.0,82.0,2
-60.0,84.0,2
-60.0,86.0,2
-60.0,87.0,2
-60.0,89.0,2
-60.0,90.0,2
-59.0,-71.0,2
-59.0,15.0,1
-59.0,17.0,1
-59.0,22.0,1
-59.0,25.0,1
-59.0,63.0,2
-59.0,68.0,2
-59.0,70.0,2
-59.0,72.0,2
-59.0,73.0,2
-59.0,74.0,2
-59.0,86.0,2
-59.0,87.0,2
-59.0,89.0,2
-59.0,90.0,2
-58.0,16.0,1
-58.0,17.0,1
-58.0,26.0,1
-58.0,68.0,2
-58.0,69.0,2
-58.0,71.0,2
-58.0,72.0,2
-58.0,73.0,2
-58.0,74.0,2
-58.0,75.0,2
-58.0,84.0,2
-58.0,86.0,2
-58.0,87.0,2
-58.0,88.0,2
-58.0,89.0,2
-58.0,90.0,2
-57.0,-72.0,2
-57.0,3.0,1
-57.0,13.0,1
-57.0,19.0,1
-57.0,21.0,1
-57.0,26.0,1
-57.0,53.0,1
-57.0,58.0,2
-57.0,70.0,2
-57.0,71.0,2
-57.0,73.0,2
-57.0,75.0,2
-57.0,76.0,2
-57.0,79.0,2
-57.0,82.0,2
-57.0,84.0,2
-57.0,86.0,2
-57.0,87.0,2
-57.0,89.0,2
-57.0,90.0,2
-56.0,-72.0,2
-56.0,-68.0,2
-56.0,26.0,1
-56.0,65.0,2
-56.0,67.0,2
-56.0,69.0,2
-56.0,71.0,2
-56.0,72.0,2
-56.0,73.0,2
-56.0,74.0,2
-56.0,75.0,2
-56.0,76.0,2
-56.0,82.0,2
-56.0,84.0,2
-56.0,85.0,2
-56.0,86.0,2
-56.0,87.0,2
-56.0,89.0,2
-56.0,90.0,2
-55.0,-68.0,2
-55.0,-25.0,1
-55.0,2.0,1
-55.0,45.0,1
-55.0,52.0,1
-55.0,53.0,1
-55.0,63.0,2
-55.0,70.0,2
-55.0,73.0,2
-55.0,75.0,2
-55.0,78.0,2
-55.0,84.0,2
-55.0,85.0,2
-55.0,87.0,2
-55.0,88.0,2
-55.0,89.0,2
-55.0,90.0,2
-54.0,-27.0,1
-54.0,34.0,1
-54.0,52.0,1
-54.0,68.0,2
-54.0,69.0,2
-54.0,70.0,2
-54.0,73.0,2
-54.0,74.0,2
-54.0,75.0,2
-54.0,76.0,2
-54.0,82.0,2
-54.0,84.0,2
-54.0,85.0,2
-54.0,89.0,2
-54.0,90.0,2
-53.0,-29.0,1
-53.0,-27.0,1
-53.0,32.0,1
-53.0,33.0,1
-53.0,50.0,1
-53.0,51.0,1
-53.0,52.0,1
-53.0,60.0,2
-53.0,70.0,2
-53.0,71.0,2
-53.0,73.0,2
-53.0,74.0,2
-53.0,75.0,2
-53.0,76.0,2
-53.0,82.0,2
-53.0,85.0,2
-53.0,86.0,2
-53.0,87.0,2
-53.0,89.0,2
-53.0,90.0,2
-52.0,17.0,1
-52.0,55.0,1
-52.0,63.0,2
-52.0,71.0,2
-52.0,76.0,2
-52.0,77.0,2
-52.0,82.0,2
-52.0,85.0,2
-52.0,87.0,2
-52.0,89.0,2
-52.0,90.0,2
-51.0,-69.0,2
-51.0,27.0,1
-51.0,35.0,1
-51.0,67.0,2
-51.0,70.0,2
-51.0,71.0,2
-51.0,72.0,2
-51.0,74.0,2
-51.0,76.0,2
-51.0,80.0,2
-51.0,82.0,2
-51.0,85.0,2
-51.0,87.0,2
-51.0,89.0,2
-51.0,90.0,2
-50.0,-49.0,1
-50.0,25.0,1
-50.0,26.0,1
-50.0,30.0,1
-50.0,36.0,1
-50.0,58.0,2
-50.0,70.0,2
-50.0,74.0,2
-50.0,75.0,2
-50.0,76.0,2
-50.0,77.0,2
-50.0,82.0,2
-50.0,84.0,2
-50.0,85.0,2
-50.0,87.0,2
-50.0,89.0,2
-50.0,90.0,2
-49.0,18.0,1
-49.0,26.0,1
-49.0,27.0,1
-49.0,28.0,1
-49.0,30.0,1
-49.0,34.0,1
-49.0,35.0,1
-49.0,36.0,1
-49.0,37.0,1
-49.0,39.0,1
-49.0,40.0,1
-49.0,41.0,1
-49.0,42.0,1
-49.0,45.0,1
-49.0,47.0,1
-49.0,56.0,2
-49.0,58.0,2
-49.0,62.0,2
-49.0,69.0,2
-49.0,70.0,2
-49.0,75.0,2
-49.0,76.0,2
-49.0,77.0,2
-49.0,78.0,2
-49.0,82.0,2
-49.0,83.0,2
-49.0,85.0,2
-49.0,87.0,2
-49.0,89.0,2
-49.0,90.0,2
-48.0,-33.0,1
-48.0,23.0,1
-48.0,24.0,1
-48.0,26.0,1
-48.0,27.0,1
-48.0,29.0,1
-48.0,30.0,1
-48.0,31.0,1
-48.0,33.0,1
-48.0,34.0,1
-48.0,35.0,1
-48.0,36.0,1
-48.0,38.0,1
-48.0,39.0,1
-48.0,41.0,1
-48.0,42.0,1
-48.0,43.0,1
-48.0,44.0,1
-48.0,45.0,1
-48.0,46.0,1
-48.0,47.0,1
-48.0,48.0,1
-48.0,50.0,1
-48.0,68.0,2
-48.0,69.0,2
-48.0,75.0,2
-48.0,76.0,2
-48.0,77.0,2
-48.0,80.0,2
-48.0,82.0,2
-48.0,84.0,2
-48.0,85.0,2
-48.0,87.0,2
-48.0,89.0,2
-48.0,90.0,2
-47.0,-33.0,1
-47.0,-32.0,1
-47.0,24.0,1
-47.0,26.0,1
-47.0,27.0,1
-47.0,28.0,1
-47.0,29.0,1
-47.0,30.0,1
-47.0,31.0,1
-47.0,32.0,1
-47.0,33.0,1
-47.0,34.0,1
-47.0,35.0,1
-47.0,36.0,1
-47.0,37.0,1
-47.0,38.0,1
-47.0,39.0,1
-47.0,40.0,1
-47.0,41.0,1
-47.0,43.0,1
-47.0,44.0,1
-47.0,63.0,2
-47.0,64.0,2
-47.0,65.0,2
-47.0,66.0,2
-47.0,70.0,2
-47.0,71.0,2
-47.0,74.0,2
-47.0,75.0,2
-47.0,76.0,2
-47.0,77.0,2
-47.0,78.0,2
-47.0,79.0,2
-47.0,80.0,2
-47.0,84.0,2
-47.0,85.0,2
-47.0,88.0,2
-47.0,89.0,2
-47.0,90.0,2
-46.0,19.0,1
-46.0,21.0,1
-46.0,22.0,1
-46.0,23.0,1
-46.0,24.0,1
-46.0,25.0,1
-46.0,27.0,1
-46.0,28.0,1
-46.0,30.0,1
-46.0,31.0,1
-46.0,32.0,1
-46.0,33.0,1
-46.0,34.0,1
-46.0,35.0,1
-46.0,36.0,1
-46.0,37.0,1
-46.0,38.0,1
-46.0,39.0,1
-46.0,40.0,1
-46.0,43.0,1
-46.0,44.0,1
-46.0,45.0,1
-46.0,48.0,1
-46.0,58.0,2
-46.0,59.0,2
-46.0,64.0,2
-46.0,66.0,2
-46.0,69.0,2
-46.0,72.0,2
-46.0,73.0,2
-46.0,76.0,2
-46.0,77.0,2
-46.0,78.0,2
-46.0,80.0,2
-46.0,82.0,2
-46.0,83.0,2
-46.0,85.0,2
-46.0,89.0,2
-46.0,90.0,2
-45.0,-63.0,2
-45.0,-52.0,1
-45.0,18.0,1
-45.0,21.0,1
-45.0,24.0,1
-45.0,25.0,1
-45.0,29.0,1
-45.0,30.0,1
-45.0,31.0,1
-45.0,32.0,1
-45.0,33.0,1
-45.0,34.0,1
-45.0,35.0,1
-45.0,36.0,1
-45.0,38.0,1
-45.0,43.0,1
-45.0,46.0,1
-45.0,57.0,2
-45.0,64.0,2
-45.0,70.0,2
-45.0,71.0,2
-45.0,74.0,2
-45.0,78.0,2
-45.0,79.0,2
-45.0,80.0,2
-45.0,83.0,2
-45.0,85.0,2
-45.0,87.0,2
-45.0,89.0,2
-45.0,90.0,2
-44.0,23.0,1
-44.0,25.0,1
-44.0,26.0,1
-44.0,31.0,1
-44.0,32.0,1
-44.0,33.0,1
-44.0,34.0,1
-44.0,35.0,1
-44.0,36.0,1
-44.0,38.0,1
-44.0,39.0,1
-44.0,54.0,1
-44.0,63.0,2
-44.0,67.0,2
-44.0,77.0,2
-44.0,79.0,2
-44.0,80.0,2
-44.0,81.0,2
-44.0,82.0,2
-44.0,86.0,2
-44.0,87.0,2
-44.0,89.0,2
-44.0,90.0,2
-43.0,-71.0,2
-43.0,-28.0,1
-43.0,10.0,1
-43.0,13.0,1
-43.0,18.0,1
-43.0,21.0,1
-43.0,22.0,1
-43.0,23.0,1
-43.0,24.0,1
-43.0,25.0,1
-43.0,26.0,1
-43.0,27.0,1
-43.0,31.0,1
-43.0,32.0,1
-43.0,33.0,1
-43.0,34.0,1
-43.0,35.0,1
-43.0,36.0,1
-43.0,37.0,1
-43.0,38.0,1
-43.0,39.0,1
-43.0,44.0,1
-43.0,46.0,1
-43.0,47.0,1
-43.0,52.0,1
-43.0,62.0,2
-43.0,63.0,2
-43.0,64.0,2
-43.0,65.0,2
-43.0,68.0,2
-43.0,77.0,2
-43.0,78.0,2
-43.0,79.0,2
-43.0,80.0,2
-43.0,83.0,2
-43.0,87.0,2
-43.0,89.0,2
-43.0,90.0,2
-42.0,-73.0,2
-42.0,-55.0,2
-42.0,-45.0,1
-42.0,16.0,1
-42.0,21.0,1
-42.0,22.0,1
-42.0,24.0,1
-42.0,25.0,1
-42.0,27.0,1
-42.0,32.0,1
-42.0,33.0,1
-42.0,36.0,1
-42.0,38.0,1
-42.0,39.0,1
-42.0,44.0,1
-42.0,58.0,2
-42.0,61.0,2
-42.0,66.0,2
-42.0,69.0,2
-42.0,71.0,2
-42.0,72.0,2
-42.0,73.0,2
-42.0,77.0,2
-42.0,78.0,2
-42.0,79.0,2
-42.0,81.0,2
-42.0,82.0,2
-42.0,85.0,2
-42.0,89.0,2
-42.0,90.0,2
-41.0,-73.0,2
-41.0,-55.0,2
-41.0,-45.0,1
-41.0,-44.0,1
-41.0,-23.0,1
-41.0,-1.0,1
-41.0,26.0,1
-41.0,27.0,1
-41.0,28.0,1
-41.0,32.0,1
-41.0,33.0,1
-41.0,34.0,1
-41.0,42.0,1
-41.0,43.0,1
-41.0,61.0,2
-41.0,66.0,2
-41.0,69.0,2
-41.0,76.0,2
-41.0,78.0,2
-41.0,79.0,2
-41.0,80.0,2
-41.0,81.0,2
-41.0,82.0,2
-41.0,85.0,2
-41.0,89.0,2
-41.0,90.0,2
-40.0,-55.0,1
-40.0,-46.0,1
-40.0,-45.0,1
-40.0,33.0,1
-40.0,41.0,1
-40.0,50.0,1
-40.0,59.0,2
-40.0,60.0,2
-40.0,70.0,2
-40.0,76.0,2
-40.0,77.0,2
-40.0,78.0,2
-40.0,79.0,2
-40.0,80.0,2
-40.0,87.0,2
-40.0,89.0,2
-40.0,90.0,2
-39.0,-54.0,1
-39.0,-46.0,1
-39.0,-45.0,1
-39.0,-33.0,1
-39.0,22.0,1
-39.0,23.0,1
-39.0,41.0,1
-39.0,59.0,2
-39.0,62.0,2
-39.0,64.0,2
-39.0,78.0,2
-39.0,79.0,2
-39.0,80.0,2
-39.0,81.0,2
-39.0,82.0,2
-39.0,84.0,2
-39.0,86.0,2
-39.0,87.0,2
-39.0,89.0,2
-39.0,90.0,2
-38.0,-55.0,1
-38.0,-54.0,1
-38.0,-46.0,1
-38.0,16.0,1
-38.0,39.0,1
-38.0,48.0,1
-38.0,54.0,1
-38.0,59.0,2
-38.0,64.0,2
-38.0,65.0,2
-38.0,68.0,2
-38.0,69.0,2
-38.0,70.0,2
-38.0,71.0,2
-38.0,72.0,2
-38.0,77.0,2
-38.0,78.0,2
-38.0,79.0,2
-38.0,80.0,2
-38.0,82.0,2
-38.0,83.0,2
-38.0,86.0,2
-38.0,87.0,2
-38.0,89.0,2
-38.0,90.0,2
-37.0,-40.0,1
-37.0,-39.0,1
-37.0,16.0,1
-37.0,26.0,1
-37.0,28.0,1
-37.0,44.0,1
-37.0,55.0,1
-37.0,56.0,2
-37.0,59.0,2
-37.0,60.0,2
-37.0,61.0,2
-37.0,66.0,2
-37.0,67.0,2
-37.0,68.0,2
-37.0,77.0,2
-37.0,78.0,2
-37.0,79.0,2
-37.0,80.0,2
-37.0,83.0,2
-37.0,86.0,2
-37.0,87.0,2
-37.0,88.0,2
-37.0,89.0,2
-37.0,90.0,2
-36.0,-40.0,1
-36.0,-33.0,1
-36.0,17.0,1
-36.0,38.0,1
-36.0,43.0,1
-36.0,50.0,1
-36.0,59.0,2
-36.0,60.0,2
-36.0,62.0,2
-36.0,65.0,2
-36.0,75.0,2
-36.0,76.0,2
-36.0,77.0,2
-36.0,79.0,2
-36.0,80.0,2
-36.0,82.0,2
-36.0,86.0,2
-36.0,87.0,2
-36.0,88.0,2
-36.0,89.0,2
-36.0,90.0,2
-35.0,18.0,1
-35.0,22.0,1
-35.0,37.0,1
-35.0,41.0,1
-35.0,59.0,2
-35.0,60.0,2
-35.0,62.0,2
-35.0,65.0,2
-35.0,71.0,2
-35.0,73.0,2
-35.0,75.0,2
-35.0,77.0,2
-35.0,78.0,2
-35.0,79.0,2
-35.0,80.0,2
-35.0,81.0,2
-35.0,82.0,2
-35.0,86.0,2
-35.0,89.0,2
-35.0,90.0,2
-34.0,-33.0,1
-34.0,56.0,2
-34.0,62.0,2
-34.0,63.0,2
-34.0,65.0,2
-34.0,77.0,2
-34.0,78.0,2
-34.0,79.0,2
-34.0,82.0,2
-34.0,83.0,2
-34.0,84.0,2
-34.0,88.0,2
-34.0,89.0,2
-34.0,90.0,2
-33.0,-58.0,2
-33.0,-43.0,1
-33.0,-42.0,1
-33.0,13.0,1
-33.0,18.0,1
-33.0,19.0,1
-33.0,58.0,2
-33.0,59.0,2
-33.0,60.0,2
-33.0,61.0,2
-33.0,77.0,2
-33.0,80.0,2
-33.0,82.0,2
-33.0,84.0,2
-33.0,89.0,2
-33.0,90.0,2
-32.0,-46.0,1
-32.0,-43.0,1
-32.0,-37.0,1
-32.0,-34.0,1
-32.0,-33.0,1
-32.0,15.0,1
-32.0,18.0,1
-32.0,19.0,1
-32.0,20.0,1
-32.0,23.0,1
-32.0,27.0,1
-32.0,30.0,1
-32.0,31.0,1
-32.0,44.0,1
-32.0,45.0,1
-32.0,53.0,1
-32.0,58.0,2
-32.0,59.0,2
-32.0,60.0,2
-32.0,77.0,2
-32.0,78.0,2
-32.0,79.0,2
-32.0,80.0,2
-32.0,82.0,2
-32.0,84.0,2
-32.0,89.0,2
-32.0,90.0,2
-31.0,-33.0,1
-31.0,17.0,1
-31.0,19.0,1
-31.0,20.0,1
-31.0,22.0,1
-31.0,34.0,1
-31.0,39.0,1
-31.0,49.0,1
-31.0,63.0,2
-31.0,64.0,2
-31.0,79.0,2
-31.0,80.0,2
-31.0,82.0,2
-31.0,83.0,2
-31.0,84.0,2
-31.0,89.0,2
-31.0,90.0,2
-30.0,37.0,1
-30.0,56.0,2
-30.0,59.0,2
-30.0,60.0,2
-30.0,67.0,2
-30.0,79.0,2
-30.0,80.0,2
-30.0,81.0,2
-30.0,82.0,2
-30.0,83.0,2
-30.0,87.0,2
-30.0,89.0,2
-30.0,90.0,2
-29.0,-40.0,1
-29.0,-37.0,1
-29.0,9.0,1
-29.0,25.0,1
-29.0,26.0,1
-29.0,40.0,1
-29.0,65.0,2
-29.0,66.0,2
-29.0,69.0,2
-29.0,75.0,2
-29.0,77.0,2
-29.0,81.0,2
-29.0,82.0,2
-29.0,83.0,2
-29.0,89.0,2
-29.0,90.0,2
-28.0,-40.0,1
-28.0,-36.0,1
-28.0,22.0,1
-28.0,25.0,1
-28.0,26.0,1
-28.0,27.0,1
-28.0,33.0,1
-28.0,37.0,1
-28.0,66.0,2
-28.0,76.0,2
-28.0,82.0,2
-28.0,83.0,2
-28.0,88.0,2
-28.0,89.0,2
-28.0,90.0,2
-27.0,-44.0,1
-27.0,-40.0,1
-27.0,-36.0,1
-27.0,-35.0,1
-27.0,25.0,1
-27.0,26.0,1
-27.0,27.0,1
-27.0,29.0,1
-27.0,35.0,1
-27.0,48.0,1
-27.0,53.0,1
-27.0,64.0,2
-27.0,73.0,2
-27.0,79.0,2
-27.0,82.0,2
-27.0,86.0,2
-27.0,88.0,2
-27.0,89.0,2
-27.0,90.0,2
-26.0,-56.0,2
-26.0,-48.0,1
-26.0,-44.0,1
-26.0,-43.0,1
-26.0,12.0,1
-26.0,24.0,1
-26.0,25.0,1
-26.0,26.0,1
-26.0,28.0,1
-26.0,29.0,1
-26.0,31.0,1
-26.0,41.0,1
-26.0,42.0,1
-26.0,68.0,2
-26.0,71.0,2
-26.0,75.0,2
-26.0,78.0,2
-26.0,79.0,2
-26.0,82.0,2
-26.0,83.0,2
-26.0,86.0,2
-26.0,89.0,2
-26.0,90.0,2
-25.0,-53.0,1
-25.0,-48.0,1
-25.0,-43.0,1
-25.0,24.0,1
-25.0,25.0,1
-25.0,28.0,1
-25.0,29.0,1
-25.0,30.0,1
-25.0,32.0,1
-25.0,53.0,1
-25.0,57.0,2
-25.0,63.0,2
-25.0,76.0,2
-25.0,83.0,2
-25.0,86.0,2
-25.0,89.0,2
-25.0,90.0,2
-24.0,-48.0,1
-24.0,-44.0,1
-24.0,-43.0,1
-24.0,28.0,1
-24.0,30.0,1
-24.0,32.0,1
-24.0,42.0,1
-24.0,45.0,1
-24.0,53.0,1
-24.0,57.0,2
-24.0,61.0,2
-24.0,62.0,2
-24.0,63.0,2
-24.0,70.0,2
-24.0,71.0,2
-24.0,76.0,2
-24.0,78.0,2
-24.0,82.0,2
-24.0,83.0,2
-24.0,86.0,2
-24.0,87.0,2
-24.0,89.0,2
-24.0,90.0,2
-23.0,-45.0,1
-23.0,27.0,1
-23.0,30.0,1
-23.0,31.0,1
-23.0,32.0,1
-23.0,57.0,2
-23.0,64.0,2
-23.0,69.0,2
-23.0,81.0,2
-23.0,82.0,2
-23.0,83.0,2
-23.0,86.0,2
-23.0,88.0,2
-23.0,89.0,2
-23.0,90.0,2
-22.0,-49.0,1
-22.0,30.0,1
-22.0,31.0,1
-22.0,42.0,1
-22.0,60.0,2
-22.0,62.0,2
-22.0,64.0,2
-22.0,65.0,2
-22.0,72.0,2
-22.0,82.0,2
-22.0,83.0,2
-22.0,89.0,2
-22.0,90.0,2
-21.0,26.0,1
-21.0,27.0,1
-21.0,37.0,1
-21.0,54.0,1
-21.0,56.0,2
-21.0,57.0,2
-21.0,60.0,2
-21.0,72.0,2
-21.0,78.0,2
-21.0,80.0,2
-21.0,82.0,2
-21.0,83.0,2
-21.0,87.0,2
-21.0,88.0,2
-21.0,90.0,2
-20.0,-51.0,1
-20.0,45.0,1
-20.0,59.0,2
-20.0,61.0,2
-20.0,62.0,2
-20.0,65.0,2
-20.0,79.0,2
-20.0,81.0,2
-20.0,82.0,2
-20.0,83.0,2
-20.0,90.0,2
-19.0,-47.0,1
-19.0,-46.0,1
-19.0,10.0,1
-19.0,57.0,2
-19.0,62.0,2
-19.0,79.0,2
-19.0,80.0,2
-19.0,81.0,2
-19.0,82.0,2
-19.0,83.0,2
-19.0,87.0,2
-19.0,89.0,2
-19.0,90.0,2
-18.0,34.0,1
-18.0,63.0,2
-18.0,67.0,2
-18.0,76.0,2
-18.0,79.0,2
-18.0,80.0,2
-18.0,82.0,2
-18.0,83.0,2
-18.0,87.0,2
-18.0,89.0,2
-18.0,90.0,2
-17.0,73.0,2
-17.0,79.0,2
-17.0,80.0,2
-17.0,81.0,2
-17.0,82.0,2
-17.0,83.0,2
-17.0,86.0,2
-17.0,87.0,2
-17.0,89.0,2
-17.0,90.0,2
-16.0,50.0,1
-16.0,56.0,2
-16.0,60.0,2
-16.0,64.0,2
-16.0,66.0,2
-16.0,78.0,2
-16.0,81.0,2
-16.0,83.0,2
-16.0,86.0,2
-16.0,89.0,2
-16.0,90.0,2
-15.0,53.0,1
-15.0,56.0,2
-15.0,58.0,2
-15.0,59.0,2
-15.0,62.0,2
-15.0,63.0,2
-15.0,73.0,2
-15.0,81.0,2
-15.0,83.0,2
-15.0,84.0,2
-15.0,89.0,2
-15.0,90.0,2
-14.0,52.0,1
-14.0,55.0,1
-14.0,57.0,2
-14.0,58.0,2
-14.0,59.0,2
-14.0,68.0,2
-14.0,75.0,2
-14.0,77.0,2
-14.0,79.0,2
-14.0,81.0,2
-14.0,82.0,2
-14.0,83.0,2
-14.0,90.0,2
-13.0,-25.0,1
-13.0,5.0,1
-13.0,55.0,2
-13.0,56.0,2
-13.0,57.0,2
-13.0,58.0,2
-13.0,62.0,2
-13.0,69.0,2
-13.0,76.0,2
-13.0,78.0,2
-13.0,82.0,2
-13.0,83.0,2
-13.0,89.0,2
-13.0,90.0,2
-12.0,-17.0,1
-12.0,-2.0,1
-12.0,36.0,1
-12.0,56.0,2
-12.0,57.0,2
-12.0,58.0,2
-12.0,68.0,2
-12.0,70.0,2
-12.0,80.0,2
-12.0,82.0,2
-12.0,83.0,2
-12.0,87.0,2
-12.0,89.0,2
-11.0,36.0,1
-11.0,59.0,2
-11.0,80.0,2
-11.0,81.0,2
-11.0,82.0,2
-11.0,87.0,2
-11.0,89.0,2
-11.0,90.0,2
-10.0,1.0,1
-10.0,59.0,2
-10.0,60.0,2
-10.0,62.0,2
-10.0,74.0,2
-10.0,81.0,2
-10.0,82.0,2
-10.0,83.0,2
-10.0,87.0,2
-10.0,89.0,2
-10.0,90.0,2
-9.0,27.0,1
-9.0,37.0,1
-9.0,60.0,2
-9.0,61.0,2
-9.0,82.0,2
-9.0,83.0,2
-9.0,86.0,2
-9.0,87.0,2
-9.0,89.0,2
-9.0,90.0,2
-8.0,37.0,1
-8.0,38.0,1
-8.0,39.0,1
-8.0,79.0,2
-8.0,80.0,2
-8.0,81.0,2
-8.0,82.0,2
-8.0,83.0,2
-8.0,86.0,2
-8.0,87.0,2
-8.0,89.0,2
-8.0,90.0,2
-7.0,-24.0,1
-7.0,39.0,1
-7.0,46.0,1
-7.0,60.0,2
-7.0,74.0,2
-7.0,78.0,2
-7.0,79.0,2
-7.0,80.0,2
-7.0,82.0,2
-7.0,83.0,2
-7.0,84.0,2
-7.0,86.0,2
-7.0,87.0,2
-7.0,89.0,2
-7.0,90.0,2
-6.0,56.0,2
-6.0,60.0,2
-6.0,68.0,2
-6.0,71.0,2
-6.0,72.0,2
-6.0,77.0,2
-6.0,82.0,2
-6.0,83.0,2
-6.0,84.0,2
-6.0,86.0,2
-6.0,87.0,2
-6.0,88.0,2
-6.0,89.0,2
-6.0,90.0,2
-5.0,-50.0,1
-5.0,-49.0,1
-5.0,37.0,1
-5.0,57.0,2
-5.0,68.0,2
-5.0,71.0,2
-5.0,80.0,2
-5.0,81.0,2
-5.0,82.0,2
-5.0,83.0,2
-5.0,84.0,2
-5.0,86.0,2
-5.0,87.0,2
-5.0,89.0,2
-5.0,90.0,2
-4.0,47.0,1
-4.0,69.0,2
-4.0,70.0,2
-4.0,71.0,2
-4.0,80.0,2
-4.0,82.0,2
-4.0,84.0,2
-4.0,86.0,2
-4.0,87.0,2
-4.0,89.0,2
-4.0,90.0,2
-3.0,-49.0,1
-3.0,42.0,1
-3.0,63.0,2
-3.0,70.0,2
-3.0,81.0,2
-3.0,82.0,2
-3.0,83.0,2
-3.0,86.0,2
-3.0,87.0,2
-3.0,89.0,2
-3.0,90.0,2
-2.0,27.0,1
-2.0,58.0,2
-2.0,64.0,2
-2.0,65.0,2
-2.0,66.0,2
-2.0,67.0,2
-2.0,73.0,2
-2.0,80.0,2
-2.0,82.0,2
-2.0,86.0,2
-2.0,87.0,2
-2.0,89.0,2
-2.0,90.0,2
-1.0,40.0,1
-1.0,41.0,1
-1.0,44.0,1
-1.0,51.0,1
-1.0,69.0,2
-1.0,74.0,2
-1.0,80.0,2
-1.0,82.0,2
-1.0,86.0,2
-1.0,88.0,2
-1.0,89.0,2
-1.0,90.0,2
0.0,50.0,1
0.0,60.0,2
0.0,62.0,2
0.0,69.0,2
0.0,70.0,2
0.0,74.0,2
0.0,75.0,2
0.0,80.0,2
0.0,82.0,2
0.0,86.0,2
0.0,87.0,2
0.0,88.0,2
0.0,89.0,2
0.0,90.0,2
1.0,57.0,2
1.0,64.0,2
1.0,70.0,2
1.0,72.0,2
1.0,80.0,2
1.0,82.0,2
1.0,84.0,2
1.0,86.0,2
1.0,87.0,2
1.0,88.0,2
1.0,89.0,2
1.0,90.0,2
2.0,-40.0,1
2.0,-10.0,1
2.0,49.0,1
2.0,50.0,1
2.0,65.0,2
2.0,70.0,2
2.0,80.0,2
2.0,82.0,2
2.0,83.0,2
2.0,86.0,2
2.0,87.0,2
3.0,42.0,1
3.0,66.0,2
3.0,70.0,2
3.0,82.0,2
3.0,86.0,2
3.0,88.0,2
3.0,90.0,2
4.0,41.0,1
4.0,42.0,1
4.0,47.0,1
4.0,48.0,1
4.0,62.0,2
4.0,67.0,2
4.0,71.0,2
4.0,78.0,2
4.0,82.0,2
4.0,86.0,2
4.0,88.0,2
5.0,-49.0,1
5.0,-37.0,1
5.0,14.0,1
5.0,43.0,1
5.0,51.0,1
5.0,54.0,1
5.0,59.0,2
5.0,60.0,2
5.0,67.0,2
5.0,70.0,2
5.0,75.0,2
5.0,81.0,2
5.0,82.0,2
5.0,86.0,2
5.0,88.0,2
5.0,89.0,2
6.0,-50.0,1
6.0,44.0,1
6.0,81.0,2
6.0,82.0,2
6.0,86.0,2
6.0,87.0,2
6.0,88.0,2
6.0,89.0,2
6.0,90.0,2
7.0,37.0,1
7.0,55.0,1
7.0,58.0,2
7.0,60.0,2
7.0,63.0,2
7.0,64.0,2
7.0,78.0,2
7.0,82.0,2
7.0,86.0,2
7.0,88.0,2
7.0,89.0,2
7.0,90.0,2
8.0,41.0,1
8.0,43.0,1
8.0,63.0,2
8.0,71.0,2
8.0,73.0,2
8.0,74.0,2
8.0,76.0,2
8.0,82.0,2
8.0,84.0,2
8.0,86.0,2
8.0,88.0,2
8.0,89.0,2
8.0,90.0,2
9.0,-5.0,1
9.0,68.0,2
9.0,69.0,2
9.0,77.0,2
9.0,82.0,2
9.0,86.0,2
9.0,88.0,2
9.0,89.0,2
9.0,90.0,2
10.0,-15.0,1
10.0,60.0,2
10.0,65.0,2
10.0,66.0,2
10.0,72.0,2
10.0,80.0,2
10.0,81.0,2
10.0,82.0,2
10.0,86.0,2
10.0,88.0,2
10.0,89.0,2
10.0,90.0,2
11.0,70.0,2
11.0,72.0,2
11.0,73.0,2
11.0,76.0,2
11.0,78.0,2
11.0,79.0,2
11.0,82.0,2
11.0,86.0,2
11.0,87.0,2
11.0,89.0,2
11.0,90.0,2
12.0,43.0,1
12.0,52.0,1
12.0,55.0,1
12.0,71.0,2
12.0,73.0,2
12.0,75.0,2
12.0,78.0,2
12.0,82.0,2
12.0,86.0,2
12.0,87.0,2
12.0,89.0,2
12.0,90.0,2
13.0,59.0,2
13.0,61.0,2
13.0,72.0,2
13.0,74.0,2
13.0,78.0,2
13.0,82.0,2
13.0,84.0,2
13.0,85.0,2
13.0,86.0,2
13.0,87.0,2
13.0,88.0,2
13.0,89.0,2
13.0,90.0,2
14.0,63.0,2
14.0,65.0,2
14.0,71.0,2
14.0,78.0,2
14.0,81.0,2
14.0,82.0,2
14.0,84.0,2
14.0,85.0,2
14.0,86.0,2
14.0,87.0,2
14.0,88.0,2
14.0,89.0,2
14.0,90.0,2
15.0,61.0,2
15.0,64.0,2
15.0,65.0,2
15.0,66.0,2
15.0,67.0,2
15.0,72.0,2
15.0,73.0,2
15.0,82.0,2
15.0,83.0,2
15.0,84.0,2
15.0,86.0,2
15.0,87.0,2
15.0,89.0,2
15.0,90.0,2
16.0,59.0,2
16.0,60.0,2
16.0,64.0,2
16.0,66.0,2
16.0,74.0,2
16.0,81.0,2
16.0,82.0,2
16.0,83.0,2
16.0,86.0,2
16.0,87.0,2
16.0,89.0,2
16.0,90.0,2
17.0,47.0,1
17.0,48.0,1
17.0,63.0,2
17.0,66.0,2
17.0,67.0,2
17.0,71.0,2
17.0,72.0,2
17.0,74.0,2
17.0,81.0,2
17.0,82.0,2
17.0,83.0,2
17.0,86.0,2
17.0,87.0,2
17.0,89.0,2
17.0,90.0,2
18.0,0.0,1
18.0,40.0,1
18.0,44.0,1
18.0,65.0,2
18.0,70.0,2
18.0,71.0,2
18.0,72.0,2
18.0,75.0,2
18.0,78.0,2
18.0,81.0,2
18.0,82.0,2
18.0,83.0,2
18.0,84.0,2
18.0,85.0,2
18.0,86.0,2
18.0,87.0,2
18.0,89.0,2
18.0,90.0,2
19.0,45.0,1
19.0,60.0,2
19.0,62.0,2
19.0,68.0,2
19.0,71.0,2
19.0,77.0,2
19.0,82.0,2
19.0,83.0,2
19.0,86.0,2
19.0,87.0,2
19.0,89.0,2
19.0,90.0,2
20.0,-15.0,1
20.0,43.0,1
20.0,50.0,1
20.0,51.0,1
20.0,56.0,2
20.0,59.0,2
20.0,65.0,2
20.0,69.0,2
20.0,70.0,2
20.0,72.0,2
20.0,74.0,2
20.0,79.0,2
20.0,82.0,2
20.0,83.0,2
20.0,84.0,2
20.0,86.0,2
20.0,87.0,2
20.0,88.0,2
20.0,89.0,2
20.0,90.0,2
21.0,43.0,1
21.0,53.0,1
21.0,55.0,2
21.0,64.0,2
21.0,65.0,2
21.0,68.0,2
21.0,69.0,2
21.0,74.0,2
21.0,75.0,2
21.0,77.0,2
21.0,80.0,2
21.0,82.0,2
21.0,83.0,2
21.0,84.0,2
21.0,85.0,2
21.0,86.0,2
21.0,87.0,2
21.0,89.0,2
21.0,90.0,2
22.0,45.0,1
22.0,49.0,1
22.0,53.0,1
22.0,55.0,2
22.0,56.0,2
22.0,57.0,2
22.0,59.0,2
22.0,64.0,2
22.0,65.0,2
22.0,71.0,2
22.0,79.0,2
22.0,82.0,2
22.0,83.0,2
22.0,84.0,2
22.0,86.0,2
22.0,89.0,2
22.0,90.0,2
23.0,43.0,1
23.0,44.0,1
23.0,48.0,1
23.0,54.0,1
23.0,56.0,2
23.0,67.0,2
23.0,71.0,2
23.0,82.0,2
23.0,84.0,2
23.0,85.0,2
23.0,86.0,2
23.0,87.0,2
23.0,89.0,2
23.0,90.0,2
24.0,-39.0,1
24.0,48.0,1
24.0,54.0,1
24.0,55.0,1
24.0,57.0,2
24.0,71.0,2
24.0,74.0,2
24.0,78.0,2
24.0,79.0,2
24.0,82.0,2
24.0,83.0,2
24.0,84.0,2
24.0,85.0,2
24.0,86.0,2
24.0,87.0,2
24.0,89.0,2
24.0,90.0,2
25.0,26.0,1
25.0,60.0,2
25.0,72.0,2
25.0,79.0,2
25.0,82.0,2
25.0,83.0,2
25.0,84.0,2
25.0,85.0,2
25.0,86.0,2
25.0,87.0,2
25.0,89.0,2
25.0,90.0,2
26.0,49.0,1
26.0,60.0,2
26.0,61.0,2
26.0,79.0,2
26.0,81.0,2
26.0,82.0,2
26.0,84.0,2
26.0,85.0,2
26.0,86.0,2
26.0,87.0,2
26.0,89.0,2
26.0,90.0,2
27.0,44.0,1
27.0,58.0,2
27.0,64.0,2
27.0,65.0,2
27.0,66.0,2
27.0,67.0,2
27.0,70.0,2
27.0,76.0,2
27.0,82.0,2
27.0,83.0,2
27.0,84.0,2
27.0,85.0,2
27.0,86.0,2
27.0,87.0,2
27.0,89.0,2
27.0,90.0,2
28.0,58.0,2
28.0,59.0,2
28.0,60.0,2
28.0,62.0,2
28.0,63.0,2
28.0,66.0,2
28.0,70.0,2
28.0,76.0,2
28.0,82.0,2
28.0,83.0,2
28.0,84.0,2
28.0,85.0,2
28.0,86.0,2
28.0,87.0,2
28.0,89.0,2
28.0,90.0,2
29.0,0.0,1
29.0,58.0,2
29.0,59.0,2
29.0,64.0,2
29.0,69.0,2
29.0,70.0,2
29.0,71.0,2
29.0,76.0,2
29.0,79.0,2
29.0,82.0,2
29.0,83.0,2
29.0,84.0,2
29.0,85.0,2
29.0,86.0,2
29.0,87.0,2
29.0,88.0,2
29.0,89.0,2
29.0,90.0,2
30.0,57.0,2
30.0,58.0,2
30.0,71.0,2
30.0,72.0,2
30.0,83.0,2
30.0,84.0,2
30.0,85.0,2
30.0,86.0,2
30.0,87.0,2
30.0,88.0,2
30.0,89.0,2
30.0,90.0,2
31.0,60.0,2
31.0,63.0,2
31.0,64.0,2
31.0,66.0,2
31.0,71.0,2
31.0,72.0,2
31.0,79.0,2
31.0,80.0,2
31.0,82.0,2
31.0,83.0,2
31.0,84.0,2
31.0,85.0,2
31.0,86.0,2
31.0,87.0,2
31.0,88.0,2
31.0,89.0,2
31.0,90.0,2
32.0,57.0,2
32.0,58.0,2
32.0,59.0,2
32.0,82.0,2
32.0,83.0,2
32.0,84.0,2
32.0,85.0,2
32.0,86.0,2
32.0,87.0,2
32.0,88.0,2
32.0,89.0,2
32.0,90.0,2
33.0,-52.0,1
33.0,58.0,2
33.0,60.0,2
33.0,62.0,2
33.0,71.0,2
33.0,80.0,2
33.0,81.0,2
33.0,83.0,2
33.0,84.0,2
33.0,86.0,2
33.0,87.0,2
33.0,88.0,2
33.0,89.0,2
33.0,90.0,2
34.0,69.0,2
34.0,73.0,2
34.0,75.0,2
34.0,79.0,2
34.0,81.0,2
34.0,82.0,2
34.0,83.0,2
34.0,84.0,2
34.0,86.0,2
34.0,87.0,2
34.0,88.0,2
34.0,89.0,2
34.0,90.0,2
35.0,55.0,1
35.0,56.0,2
35.0,58.0,2
35.0,65.0,2
35.0,67.0,2
35.0,82.0,2
35.0,83.0,2
35.0,84.0,2
35.0,86.0,2
35.0,87.0,2
35.0,88.0,2
35.0,89.0,2
35.0,90.0,2
36.0,7.0,1
36.0,56.0,2
36.0,70.0,2
36.0,72.0,2
36.0,73.0,2
36.0,80.0,2
36.0,83.0,2
36.0,84.0,2
36.0,85.0,2
36.0,86.0,2
36.0,87.0,2
36.0,88.0,2
36.0,89.0,2
36.0,90.0,2
37.0,55.0,2
37.0,57.0,2
37.0,64.0,2
37.0,75.0,2
37.0,83.0,2
37.0,84.0,2
37.0,85.0,2
37.0,86.0,2
37.0,87.0,2
37.0,89.0,2
37.0,90.0,2
38.0,-50.0,1
38.0,62.0,2
38.0,64.0,2
38.0,70.0,2
38.0,76.0,2
38.0,77.0,2
38.0,80.0,2
38.0,82.0,2
38.0,83.0,2
38.0,84.0,2
38.0,85.0,2
38.0,86.0,2
38.0,87.0,2
38.0,88.0,2
38.0,90.0,2
39.0,-9.0,1
39.0,49.0,1
39.0,55.0,2
39.0,58.0,2
39.0,65.0,2
39.0,70.0,2
39.0,75.0,2
39.0,76.0,2
39.0,77.0,2
39.0,83.0,2
39.0,84.0,2
39.0,85.0,2
39.0,86.0,2
39.0,87.0,2
39.0,88.0,2
39.0,89.0,2
39.0,90.0,2
40.0,51.0,1
40.0,76.0,2
40.0,80.0,2
40.0,83.0,2
40.0,84.0,2
40.0,85.0,2
40.0,86.0,2
40.0,87.0,2
40.0,88.0,2
40.0,89.0,2
40.0,90.0,2
41.0,56.0,2
41.0,57.0,2
41.0,76.0,2
41.0,83.0,2
41.0,84.0,2
41.0,85.0,2
41.0,86.0,2
41.0,87.0,2
41.0,88.0,2
41.0,89.0,2
41.0,90.0,2
42.0,72.0,2
42.0,79.0,2
42.0,82.0,2
42.0,84.0,2
42.0,85.0,2
42.0,87.0,2
42.0,89.0,2
42.0,90.0,2
43.0,-54.0,1
43.0,62.0,2
43.0,65.0,2
43.0,81.0,2
43.0,82.0,2
43.0,84.0,2
43.0,85.0,2
43.0,86.0,2
43.0,87.0,2
43.0,89.0,2
43.0,90.0,2
44.0,49.0,1
44.0,53.0,1
44.0,61.0,2
44.0,62.0,2
44.0,65.0,2
44.0,66.0,2
44.0,69.0,2
44.0,81.0,2
44.0,82.0,2
44.0,83.0,2
44.0,85.0,2
44.0,86.0,2
44.0,87.0,2
44.0,88.0,2
44.0,89.0,2
44.0,90.0,2
45.0,67.0,2
45.0,68.0,2
45.0,74.0,2
45.0,75.0,2
45.0,77.0,2
45.0,80.0,2
45.0,81.0,2
45.0,84.0,2
45.0,85.0,2
45.0,86.0,2
45.0,87.0,2
45.0,88.0,2
45.0,89.0,2
45.0,90.0,2
46.0,49.0,1
46.0,75.0,2
46.0,78.0,2
46.0,80.0,2
46.0,83.0,2
46.0,84.0,2
46.0,85.0,2
46.0,86.0,2
46.0,87.0,2
46.0,88.0,2
46.0,89.0,2
46.0,90.0,2
47.0,48.0,1
47.0,70.0,2
47.0,77.0,2
47.0,80.0,2
47.0,81.0,2
47.0,83.0,2
47.0,85.0,2
47.0,86.0,2
47.0,87.0,2
47.0,89.0,2
47.0,90.0,2
48.0,48.0,1
48.0,57.0,2
48.0,69.0,2
48.0,80.0,2
48.0,81.0,2
48.0,83.0,2
48.0,84.0,2
48.0,85.0,2
48.0,86.0,2
48.0,87.0,2
48.0,89.0,2
48.0,90.0,2
49.0,52.0,1
49.0,53.0,1
49.0,68.0,2
49.0,74.0,2
49.0,80.0,2
49.0,81.0,2
49.0,82.0,2
49.0,84.0,2
49.0,85.0,2
49.0,86.0,2
49.0,87.0,2
49.0,88.0,2
49.0,89.0,2
49.0,90.0,2
50.0,-63.0,2
50.0,-41.0,1
50.0,48.0,1
50.0,52.0,1
50.0,57.0,2
50.0,58.0,2
50.0,67.0,2
50.0,74.0,2
50.0,85.0,2
50.0,86.0,2
50.0,87.0,2
50.0,89.0,2
50.0,90.0,2
51.0,-63.0,2
51.0,-62.0,2
51.0,50.0,1
51.0,52.0,1
51.0,63.0,2
51.0,70.0,2
51.0,75.0,2
51.0,82.0,2
51.0,83.0,2
51.0,85.0,2
51.0,86.0,2
51.0,87.0,2
51.0,88.0,2
51.0,90.0,2
52.0,62.0,2
52.0,67.0,2
52.0,69.0,2
52.0,70.0,2
52.0,75.0,2
52.0,80.0,2
52.0,82.0,2
52.0,83.0,2
52.0,84.0,2
52.0,85.0,2
52.0,86.0,2
52.0,87.0,2
52.0,89.0,2
52.0,90.0,2
53.0,52.0,1
53.0,57.0,2
53.0,80.0,2
53.0,83.0,2
53.0,84.0,2
53.0,85.0,2
53.0,86.0,2
53.0,87.0,2
53.0,90.0,2
54.0,69.0,2
54.0,76.0,2
54.0,82.0,2
54.0,83.0,2
54.0,84.0,2
54.0,85.0,2
54.0,87.0,2
54.0,89.0,2
54.0,90.0,2
55.0,64.0,2
55.0,72.0,2
55.0,80.0,2
55.0,82.0,2
55.0,85.0,2
55.0,86.0,2
55.0,88.0,2
55.0,90.0,2
56.0,-29.0,1
56.0,48.0,1
56.0,61.0,2
56.0,69.0,2
56.0,83.0,2
56.0,84.0,2
56.0,85.0,2
56.0,86.0,2
56.0,88.0,2
56.0,90.0,2
57.0,74.0,2
57.0,81.0,2
57.0,83.0,2
57.0,84.0,2
57.0,85.0,2
57.0,86.0,2
57.0,88.0,2
57.0,90.0,2
58.0,-68.0,2
58.0,56.0,2
58.0,69.0,2
58.0,82.0,2
58.0,84.0,2
58.0,85.0,2
58.0,86.0,2
58.0,88.0,2
58.0,90.0,2
59.0,47.0,1
59.0,50.0,1
59.0,59.0,2
59.0,65.0,2
59.0,66.0,2
59.0,68.0,2
59.0,83.0,2
59.0,84.0,2
59.0,85.0,2
59.0,90.0,2
60.0,46.0,1
60.0,49.0,1
60.0,51.0,1
60.0,64.0,2
60.0,74.0,2
60.0,78.0,2
60.0,83.0,2
60.0,84.0,2
60.0,85.0,2
60.0,86.0,2
60.0,89.0,2
60.0,90.0,2
61.0,22.0,1
61.0,46.0,1
61.0,66.0,2
61.0,75.0,2
61.0,80.0,2
61.0,84.0,2
61.0,85.0,2
61.0,86.0,2
61.0,87.0,2
61.0,88.0,2
61.0,89.0,2
61.0,90.0,2
62.0,-68.0,2
62.0,-67.0,2
62.0,46.0,1
62.0,51.0,1
62.0,56.0,2
62.0,66.0,2
62.0,67.0,2
62.0,69.0,2
62.0,73.0,2
62.0,77.0,2
62.0,80.0,2
62.0,82.0,2
62.0,84.0,2
62.0,85.0,2
62.0,86.0,2
62.0,87.0,2
62.0,88.0,2
62.0,90.0,2
63.0,-67.0,2
63.0,54.0,1
63.0,67.0,2
63.0,68.0,2
63.0,71.0,2
63.0,72.0,2
63.0,75.0,2
63.0,80.0,2
63.0,84.0,2
63.0,85.0,2
63.0,86.0,2
63.0,87.0,2
63.0,88.0,2
63.0,90.0,2
64.0,43.0,1
64.0,49.0,1
64.0,50.0,1
64.0,52.0,1
64.0,55.0,2
64.0,74.0,2
64.0,77.0,2
64.0,80.0,2
64.0,83.0,2
64.0,84.0,2
64.0,85.0,2
64.0,86.0,2
64.0,87.0,2
64.0,88.0,2
64.0,89.0,2
64.0,90.0,2
65.0,43.0,1
65.0,44.0,1
65.0,49.0,1
65.0,55.0,1
65.0,56.0,2
65.0,63.0,2
65.0,80.0,2
65.0,81.0,2
65.0,82.0,2
65.0,85.0,2
65.0,86.0,2
65.0,87.0,2
65.0,88.0,2
65.0,89.0,2
65.0,90.0,2
66.0,48.0,1
66.0,49.0,1
66.0,55.0,1
66.0,56.0,2
66.0,75.0,2
66.0,80.0,2
66.0,81.0,2
66.0,84.0,2
66.0,85.0,2
66.0,86.0,2
66.0,87.0,2
66.0,88.0,2
66.0,89.0,2
66.0,90.0,2
67.0,-50.0,1
67.0,48.0,1
67.0,50.0,1
67.0,54.0,1
67.0,55.0,1
67.0,56.0,2
67.0,62.0,2
67.0,70.0,2
67.0,76.0,2
67.0,80.0,2
67.0,81.0,2
67.0,84.0,2
67.0,85.0,2
67.0,86.0,2
67.0,87.0,2
67.0,89.0,2
67.0,90.0,2
68.0,54.0,1
68.0,60.0,2
68.0,75.0,2
68.0,80.0,2
68.0,84.0,2
68.0,85.0,2
68.0,86.0,2
68.0,87.0,2
68.0,88.0,2
68.0,89.0,2
68.0,90.0,2
69.0,43.0,1
69.0,46.0,1
69.0,52.0,1
69.0,53.0,1
69.0,56.0,2
69.0,62.0,2
69.0,84.0,2
69.0,85.0,2
69.0,86.0,2
69.0,87.0,2
69.0,88.0,2
69.0,89.0,2
69.0,90.0,2
70.0,-68.0,2
70.0,52.0,1
70.0,57.0,2
70.0,76.0,2
70.0,79.0,2
70.0,80.0,2
70.0,84.0,2
70.0,85.0,2
70.0,86.0,2
70.0,87.0,2
70.0,88.0,2
70.0,89.0,2
70.0,90.0,2
71.0,-68.0,2
71.0,-67.0,2
71.0,48.0,1
71.0,50.0,1
71.0,54.0,1
71.0,56.0,2
71.0,57.0,2
71.0,63.0,2
71.0,64.0,2
71.0,68.0,2
71.0,71.0,2
71.0,80.0,2
71.0,81.0,2
71.0,84.0,2
71.0,85.0,2
71.0,86.0,2
71.0,88.0,2
71.0,89.0,2
71.0,90.0,2
72.0,-67.0,2
72.0,-66.0,2
72.0,-63.0,2
72.0,45.0,1
72.0,54.0,1
72.0,55.0,2
72.0,56.0,2
72.0,63.0,2
72.0,64.0,2
72.0,65.0,2
72.0,68.0,2
72.0,76.0,2
72.0,80.0,2
72.0,83.0,2
72.0,85.0,2
72.0,86.0,2
72.0,88.0,2
72.0,89.0,2
72.0,90.0,2
73.0,-67.0,2
73.0,41.0,1
73.0,43.0,1
73.0,44.0,1
73.0,52.0,1
73.0,56.0,2
73.0,72.0,2
73.0,80.0,2
73.0,85.0,2
73.0,86.0,2
73.0,88.0,2
73.0,89.0,2
73.0,90.0,2
74.0,-68.0,2
74.0,-67.0,2
74.0,-61.0,2
74.0,39.0,1
74.0,55.0,2
74.0,56.0,2
74.0,58.0,2
74.0,68.0,2
74.0,70.0,2
74.0,85.0,2
74.0,86.0,2
74.0,88.0,2
74.0,89.0,2
74.0,90.0,2
75.0,-51.0,1
75.0,-36.0,1
75.0,40.0,1
75.0,56.0,2
75.0,65.0,2
75.0,73.0,2
75.0,74.0,2
75.0,80.0,2
75.0,81.0,2
75.0,84.0,2
75.0,85.0,2
75.0,86.0,2
75.0,87.0,2
75.0,88.0,2
75.0,89.0,2
75.0,90.0,2
76.0,-67.0,2
76.0,-37.0,1
76.0,-35.0,1
76.0,46.0,1
76.0,55.0,2
76.0,61.0,2
76.0,68.0,2
76.0,72.0,2
76.0,75.0,2
76.0,80.0,2
76.0,85.0,2
76.0,88.0,2
76.0,89.0,2
76.0,90.0,2
77.0,-37.0,1
77.0,-36.0,1
77.0,-35.0,1
77.0,42.0,1
77.0,43.0,1
77.0,50.0,1
77.0,52.0,1
77.0,55.0,1
77.0,58.0,2
77.0,64.0,2
77.0,65.0,2
77.0,74.0,2
77.0,80.0,2
77.0,83.0,2
77.0,84.0,2
77.0,85.0,2
77.0,86.0,2
77.0,87.0,2
77.0,88.0,2
77.0,89.0,2
77.0,90.0,2
78.0,-37.0,1
78.0,36.0,1
78.0,40.0,1
78.0,41.0,1
78.0,44.0,1
78.0,47.0,1
78.0,50.0,1
78.0,58.0,2
78.0,60.0,2
78.0,61.0,2
78.0,63.0,2
78.0,75.0,2
78.0,84.0,2
78.0,85.0,2
78.0,86.0,2
78.0,87.0,2
78.0,88.0,2
78.0,89.0,2
78.0,90.0,2
79.0,-37.0,1
79.0,36.0,1
79.0,40.0,1
79.0,41.0,1
79.0,42.0,1
79.0,43.0,1
79.0,44.0,1
79.0,57.0,2
79.0,58.0,2
79.0,59.0,2
79.0,60.0,2
79.0,61.0,2
79.0,63.0,2
79.0,74.0,2
79.0,80.0,2
79.0,84.0,2
79.0,85.0,2
79.0,88.0,2
79.0,89.0,2
79.0,90.0,2
80.0,35.0,1
80.0,39.0,1
80.0,42.0,1
80.0,55.0,1
80.0,61.0,2
80.0,81.0,2
80.0,84.0,2
80.0,85.0,2
80.0,88.0,2
80.0,89.0,2
80.0,90.0,2
81.0,-47.0,1
81.0,-45.0,1
81.0,36.0,1
81.0,47.0,1
81.0,58.0,2
81.0,59.0,2
81.0,63.0,2
81.0,64.0,2
81.0,76.0,2
81.0,80.0,2
81.0,84.0,2
81.0,85.0,2
81.0,88.0,2
81.0,89.0,2
81.0,90.0,2
82.0,-62.0,2
82.0,-45.0,1
82.0,8.0,1
82.0,19.0,1
82.0,35.0,1
82.0,57.0,2
82.0,58.0,2
82.0,64.0,2
82.0,68.0,2
82.0,70.0,2
82.0,74.0,2
82.0,76.0,2
82.0,81.0,2
82.0,84.0,2
82.0,85.0,2
82.0,88.0,2
82.0,89.0,2
82.0,90.0,2
83.0,-47.0,1
83.0,7.0,1
83.0,8.0,1
83.0,9.0,1
83.0,49.0,1
83.0,62.0,2
83.0,66.0,2
83.0,68.0,2
83.0,71.0,2
83.0,73.0,2
83.0,76.0,2
83.0,79.0,2
83.0,81.0,2
83.0,84.0,2
83.0,85.0,2
83.0,86.0,2
83.0,88.0,2
83.0,89.0,2
83.0,90.0,2
84.0,7.0,1
84.0,8.0,1
84.0,11.0,1
84.0,18.0,1
84.0,32.0,1
84.0,52.0,1
84.0,60.0,2
84.0,62.0,2
84.0,67.0,2
84.0,68.0,2
84.0,71.0,2
84.0,74.0,2
84.0,77.0,2
84.0,79.0,2
84.0,80.0,2
84.0,82.0,2
84.0,84.0,2
84.0,85.0,2
84.0,88.0,2
84.0,89.0,2
84.0,90.0,2
85.0,5.0,1
85.0,6.0,1
85.0,34.0,1
85.0,62.0,2
85.0,68.0,2
85.0,84.0,2
85.0,85.0,2
85.0,86.0,2
85.0,88.0,2
85.0,89.0,2
85.0,90.0,2
86.0,-41.0,1
86.0,-32.0,1
86.0,6.0,1
86.0,7.0,1
86.0,34.0,1
86.0,84.0,2
86.0,85.0,2
86.0,88.0,2
86.0,89.0,2
86.0,90.0,2
87.0,-68.0,2
87.0,-53.0,1
87.0,58.0,2
87.0,60.0,2
87.0,62.0,2
87.0,78.0,2
87.0,85.0,2
87.0,88.0,2
87.0,89.0,2
87.0,90.0,2
88.0,-58.0,2
88.0,-44.0,1
88.0,4.0,1
88.0,27.0,1
88.0,50.0,1
88.0,79.0,2
88.0,80.0,2
88.0,83.0,2
88.0,85.0,2
88.0,89.0,2
88.0,90.0,2
89.0,38.0,1
89.0,63.0,2
89.0,64.0,2
89.0,70.0,2
89.0,72.0,2
89.0,73.0,2
89.0,83.0,2
89.0,85.0,2
89.0,87.0,2
89.0,88.0,2
89.0,89.0,2
89.0,90.0,2
90.0,5.0,1
90.0,13.0,1
90.0,23.0,1
90.0,55.0,1
90.0,68.0,2
90.0,75.0,2
90.0,80.0,2
90.0,82.0,2
90.0,84.0,2
90.0,85.0,2
90.0,87.0,2
90.0,88.0,2
90.0,89.0,2
90.0,90.0,2
91.0,6.0,1
91.0,12.0,1
91.0,16.0,1
91.0,25.0,1
91.0,28.0,1
91.0,31.0,1
91.0,56.0,2
91.0,57.0,2
91.0,63.0,2
91.0,80.0,2
91.0,81.0,2
91.0,82.0,2
91.0,83.0,2
91.0,84.0,2
91.0,85.0,2
91.0,87.0,2
91.0,88.0,2
91.0,89.0,2
91.0,90.0,2
92.0,-65.0,2
92.0,12.0,1
92.0,13.0,1
92.0,19.0,1
92.0,21.0,1
92.0,25.0,1
92.0,57.0,2
92.0,63.0,2
92.0,79.0,2
92.0,84.0,2
92.0,85.0,2
92.0,87.0,2
92.0,88.0,2
92.0,89.0,2
92.0,90.0,2
93.0,10.0,1
93.0,23.0,1
93.0,29.0,1
93.0,30.0,1
93.0,64.0,2
93.0,65.0,2
93.0,72.0,2
93.0,73.0,2
93.0,80.0,2
93.0,81.0,2
93.0,84.0,2
93.0,85.0,2
93.0,87.0,2
93.0,88.0,2
93.0,89.0,2
93.0,90.0,2
94.0,8.0,1
94.0,20.0,1
94.0,25.0,1
94.0,32.0,1
94.0,33.0,1
94.0,56.0,2
94.0,57.0,2
94.0,58.0,2
94.0,65.0,2
94.0,84.0,2
94.0,85.0,2
94.0,87.0,2
94.0,88.0,2
94.0,89.0,2
94.0,90.0,2
95.0,21.0,1
95.0,22.0,1
95.0,23.0,1
95.0,27.0,1
95.0,29.0,1
95.0,31.0,1
95.0,47.0,1
95.0,81.0,2
95.0,83.0,2
95.0,84.0,2
95.0,85.0,2
95.0,87.0,2
95.0,88.0,2
95.0,89.0,2
95.0,90.0,2
96.0,20.0,1
96.0,37.0,1
96.0,62.0,2
96.0,72.0,2
96.0,83.0,2
96.0,85.0,2
96.0,88.0,2
96.0,89.0,2
96.0,90.0,2
97.0,18.0,1
97.0,20.0,1
97.0,21.0,1
97.0,23.0,1
97.0,37.0,1
97.0,61.0,2
97.0,69.0,2
97.0,71.0,2
97.0,72.0,2
97.0,85.0,2
97.0,86.0,2
97.0,87.0,2
97.0,88.0,2
97.0,89.0,2
97.0,90.0,2
98.0,-55.0,2
98.0,16.0,1
98.0,18.0,1
98.0,19.0,1
98.0,20.0,1
98.0,22.0,1
98.0,61.0,2
98.0,85.0,2
98.0,87.0,2
98.0,88.0,2
98.0,89.0,2
98.0,90.0,2
99.0,-50.0,1
99.0,18.0,1
99.0,19.0,1
99.0,24.0,1
99.0,58.0,2
99.0,61.0,2
99.0,62.0,2
99.0,72.0,2
99.0,80.0,2
99.0,85.0,2
99.0,87.0,2
99.0,88.0,2
99.0,89.0,2
99.0,90.0,2
100.0,19.0,1
100.0,27.0,1
100.0,65.0,2
100.0,69.0,2
100.0,74.0,2
100.0,80.0,2
100.0,87.0,2
100.0,88.0,2
100.0,89.0,2
100.0,90.0,2
101.0,-79.0,2
101.0,18.0,1
101.0,19.0,1
101.0,20.0,1
101.0,21.0,1
101.0,32.0,1
101.0,61.0,2
101.0,62.0,2
101.0,73.0,2
101.0,74.0,2
101.0,79.0,2
101.0,86.0,2
101.0,87.0,2
101.0,88.0,2
101.0,89.0,2
101.0,90.0,2
102.0,-57.0,2
102.0,18.0,1
102.0,21.0,1
102.0,23.0,1
102.0,34.0,1
102.0,57.0,2
102.0,63.0,2
102.0,67.0,2
102.0,74.0,2
102.0,77.0,2
102.0,80.0,2
102.0,85.0,2
102.0,86.0,2
102.0,87.0,2
102.0,89.0,2
102.0,90.0,2
103.0,19.0,1
103.0,23.0,1
103.0,29.0,1
103.0,42.0,1
103.0,69.0,2
103.0,73.0,2
103.0,75.0,2
103.0,79.0,2
103.0,81.0,2
103.0,85.0,2
103.0,86.0,2
103.0,87.0,2
103.0,89.0,2
103.0,90.0,2
104.0,-33.0,1
104.0,24.0,1
104.0,29.0,1
104.0,44.0,1
104.0,46.0,1
104.0,48.0,1
104.0,49.0,1
104.0,50.0,1
104.0,64.0,2
104.0,69.0,2
104.0,71.0,2
104.0,73.0,2
104.0,74.0,2
104.0,75.0,2
104.0,77.0,2
104.0,79.0,2
104.0,83.0,2
104.0,85.0,2
104.0,86.0,2
104.0,87.0,2
104.0,89.0,2
104.0,90.0,2
105.0,20.0,1
105.0,26.0,1
105.0,27.0,1
105.0,44.0,1
105.0,45.0,1
105.0,47.0,1
105.0,48.0,1
105.0,49.0,1
105.0,50.0,1
105.0,51.0,1
105.0,58.0,2
105.0,60.0,2
105.0,64.0,2
105.0,65.0,2
105.0,73.0,2
105.0,74.0,2
105.0,86.0,2
105.0,87.0,2
105.0,89.0,2
105.0,90.0,2
106.0,-34.0,1
106.0,-30.0,1
106.0,-4.0,1
106.0,2.0,1
106.0,3.0,1
106.0,37.0,1
106.0,38.0,1
106.0,44.0,1
106.0,50.0,1
106.0,51.0,1
106.0,53.0,1
106.0,68.0,2
106.0,70.0,2
106.0,73.0,2
106.0,79.0,2
106.0,81.0,2
106.0,85.0,2
106.0,86.0,2
106.0,88.0,2
106.0,89.0,2
106.0,90.0,2
107.0,19.0,1
107.0,20.0,1
107.0,39.0,1
107.0,41.0,1
107.0,42.0,1
107.0,45.0,1
107.0,48.0,1
107.0,50.0,1
107.0,56.0,2
107.0,57.0,2
107.0,58.0,2
107.0,64.0,2
107.0,68.0,2
107.0,72.0,2
107.0,74.0,2
107.0,75.0,2
107.0,76.0,2
107.0,77.0,2
107.0,86.0,2
107.0,87.0,2
107.0,88.0,2
107.0,89.0,2
107.0,90.0,2
108.0,19.0,1
108.0,35.0,1
108.0,36.0,1
108.0,37.0,1
108.0,38.0,1
108.0,41.0,1
108.0,43.0,1
108.0,44.0,1
108.0,46.0,1
108.0,48.0,1
108.0,49.0,1
108.0,50.0,1
108.0,51.0,1
108.0,54.0,1
108.0,58.0,2
108.0,59.0,2
108.0,60.0,2
108.0,61.0,2
108.0,62.0,2
108.0,65.0,2
108.0,68.0,2
108.0,73.0,2
108.0,81.0,2
108.0,85.0,2
108.0,86.0,2
108.0,88.0,2
108.0,89.0,2
108.0,90.0,2
109.0,36.0,1
109.0,37.0,1
109.0,41.0,1
109.0,43.0,1
109.0,48.0,1
109.0,49.0,1
109.0,50.0,1
109.0,51.0,1
109.0,60.0,2
109.0,61.0,2
109.0,65.0,2
109.0,73.0,2
109.0,75.0,2
109.0,76.0,2
109.0,80.0,2
109.0,81.0,2
109.0,88.0,2
109.0,89.0,2
109.0,90.0,2
110.0,-33.0,1
110.0,18.0,1
110.0,31.0,1
110.0,32.0,1
110.0,33.0,1
110.0,35.0,1
110.0,36.0,1
110.0,37.0,1
110.0,38.0,1
110.0,40.0,1
110.0,41.0,1
110.0,43.0,1
110.0,47.0,1
110.0,48.0,1
110.0,49.0,1
110.0,51.0,1
110.0,66.0,2
110.0,69.0,2
110.0,74.0,2
110.0,76.0,2
110.0,79.0,2
110.0,81.0,2
110.0,88.0,2
110.0,89.0,2
110.0,90.0,2
111.0,19.0,1
111.0,23.0,1
111.0,24.0,1
111.0,30.0,1
111.0,31.0,1
111.0,32.0,1
111.0,33.0,1
111.0,34.0,1
111.0,37.0,1
111.0,38.0,1
111.0,40.0,1
111.0,41.0,1
111.0,42.0,1
111.0,43.0,1
111.0,48.0,1
111.0,49.0,1
111.0,50.0,1
111.0,51.0,1
111.0,68.0,2
111.0,69.0,2
111.0,70.0,2
111.0,71.0,2
111.0,74.0,2
111.0,76.0,2
111.0,80.0,2
111.0,88.0,2
111.0,89.0,2
111.0,90.0,2
112.0,19.0,1
112.0,30.0,1
112.0,31.0,1
112.0,32.0,1
112.0,33.0,1
112.0,34.0,1
112.0,35.0,1
112.0,36.0,1
112.0,37.0,1
112.0,38.0,1
112.0,40.0,1
112.0,41.0,1
112.0,43.0,1
112.0,44.0,1
112.0,47.0,1
112.0,48.0,1
112.0,51.0,1
112.0,59.0,2
112.0,64.0,2
112.0,65.0,2
112.0,69.0,2
112.0,74.0,2
112.0,78.0,2
112.0,79.0,2
112.0,81.0,2
112.0,88.0,2
112.0,89.0,2
112.0,90.0,2
113.0,31.0,1
113.0,32.0,1
113.0,33.0,1
113.0,34.0,1
113.0,35.0,1
113.0,36.0,1
113.0,38.0,1
113.0,39.0,1
113.0,40.0,1
113.0,41.0,1
113.0,42.0,1
113.0,43.0,1
113.0,45.0,1
113.0,46.0,1
113.0,47.0,1
113.0,48.0,1
113.0,49.0,1
113.0,50.0,1
113.0,51.0,1
113.0,63.0,2
113.0,64.0,2
113.0,77.0,2
113.0,86.0,2
113.0,89.0,2
113.0,90.0,2
114.0,31.0,1
114.0,32.0,1
114.0,33.0,1
114.0,34.0,1
114.0,35.0,1
114.0,37.0,1
114.0,38.0,1
114.0,39.0,1
114.0,44.0,1
114.0,45.0,1
114.0,46.0,1
114.0,47.0,1
114.0,49.0,1
114.0,50.0,1
114.0,51.0,1
114.0,60.0,2
114.0,64.0,2
114.0,65.0,2
114.0,66.0,2
114.0,70.0,2
114.0,72.0,2
114.0,75.0,2
114.0,82.0,2
114.0,84.0,2
114.0,89.0,2
114.0,90.0,2
115.0,-39.0,1
115.0,-38.0,1
115.0,18.0,1
115.0,21.0,1
115.0,24.0,1
115.0,31.0,1
115.0,32.0,1
115.0,33.0,1
115.0,34.0,1
115.0,35.0,1
115.0,36.0,1
115.0,37.0,1
115.0,38.0,1
115.0,39.0,1
115.0,40.0,1
115.0,41.0,1
115.0,45.0,1
115.0,49.0,1
115.0,50.0,1
115.0,51.0,1
115.0,55.0,2
115.0,74.0,2
115.0,82.0,2
115.0,84.0,2
115.0,89.0,2
115.0,90.0,2
116.0,-76.0,2
116.0,28.0,1
116.0,30.0,1
116.0,31.0,1
116.0,32.0,1
116.0,33.0,1
116.0,34.0,1
116.0,35.0,1
116.0,36.0,1
116.0,37.0,1
116.0,41.0,1
116.0,45.0,1
116.0,48.0,1
116.0,49.0,1
116.0,50.0,1
116.0,51.0,1
116.0,52.0,1
116.0,53.0,1
116.0,61.0,2
116.0,73.0,2
116.0,75.0,2
116.0,82.0,2
116.0,84.0,2
116.0,88.0,2
116.0,89.0,2
116.0,90.0,2
117.0,-76.0,2
117.0,27.0,1
117.0,30.0,1
117.0,31.0,1
117.0,32.0,1
117.0,33.0,1
117.0,34.0,1
117.0,35.0,1
117.0,37.0,1
117.0,38.0,1
117.0,41.0,1
117.0,45.0,1
117.0,46.0,1
117.0,49.0,1
117.0,50.0,1
117.0,57.0,2
117.0,68.0,2
117.0,71.0,2
117.0,73.0,2
117.0,74.0,2
117.0,75.0,2
117.0,76.0,2
117.0,83.0,2
117.0,88.0,2
117.0,89.0,2
117.0,90.0,2
118.0,-41.0,1
118.0,-4.0,1
118.0,19.0,1
118.0,23.0,1
118.0,30.0,1
118.0,31.0,1
118.0,32.0,1
118.0,33.0,1
118.0,34.0,1
118.0,35.0,1
118.0,37.0,1
118.0,38.0,1
118.0,39.0,1
118.0,40.0,1
118.0,46.0,1
118.0,47.0,1
118.0,58.0,2
118.0,61.0,2
118.0,66.0,2
118.0,69.0,2
118.0,71.0,2
118.0,74.0,2
118.0,76.0,2
118.0,82.0,2
118.0,83.0,2
118.0,84.0,2
118.0,86.0,2
118.0,88.0,2
118.0,89.0,2
118.0,90.0,2
119.0,-37.0,1
119.0,17.0,1
119.0,19.0,1
119.0,30.0,1
119.0,31.0,1
119.0,34.0,1
119.0,36.0,1
119.0,37.0,1
119.0,38.0,1
119.0,39.0,1
119.0,41.0,1
119.0,44.0,1
119.0,45.0,1
119.0,46.0,1
119.0,47.0,1
119.0,50.0,1
119.0,53.0,1
119.0,56.0,2
119.0,65.0,2
119.0,66.0,2
119.0,70.0,2
119.0,73.0,2
119.0,74.0,2
119.0,75.0,2
119.0,78.0,2
119.0,79.0,2
119.0,81.0,2
119.0,82.0,2
119.0,83.0,2
119.0,84.0,2
119.0,86.0,2
119.0,88.0,2
119.0,89.0,2
119.0,90.0,2
120.0,-76.0,2
120.0,-46.0,1
120.0,22.0,1
120.0,30.0,1
120.0,31.0,1
120.0,32.0,1
120.0,34.0,1
120.0,35.0,1
120.0,36.0,1
120.0,38.0,1
120.0,41.0,1
120.0,44.0,1
120.0,47.0,1
120.0,61.0,2
120.0,66.0,2
120.0,73.0,2
120.0,75.0,2
120.0,82.0,2
120.0,83.0,2
120.0,87.0,2
120.0,88.0,2
120.0,89.0,2
120.0,90.0,2
121.0,-70.0,2
121.0,-69.0,2
121.0,18.0,1
121.0,28.0,1
121.0,29.0,1
121.0,30.0,1
121.0,31.0,1
121.0,32.0,1
121.0,33.0,1
121.0,34.0,1
121.0,47.0,1
121.0,59.0,2
121.0,71.0,2
121.0,76.0,2
121.0,78.0,2
121.0,82.0,2
121.0,83.0,2
121.0,86.0,2
121.0,87.0,2
121.0,88.0,2
121.0,89.0,2
121.0,90.0,2
122.0,-76.0,2
122.0,-37.0,1
122.0,-36.0,1
122.0,15.0,1
122.0,18.0,1
122.0,28.0,1
122.0,29.0,1
122.0,30.0,1
122.0,31.0,1
122.0,33.0,1
122.0,36.0,1
122.0,37.0,1
122.0,45.0,1
122.0,48.0,1
122.0,49.0,1
122.0,70.0,2
122.0,71.0,2
122.0,73.0,2
122.0,75.0,2
122.0,78.0,2
122.0,82.0,2
122.0,83.0,2
122.0,86.0,2
122.0,88.0,2
122.0,89.0,2
122.0,90.0,2
123.0,-44.0,1
123.0,14.0,1
123.0,15.0,1
123.0,16.0,1
123.0,27.0,1
123.0,28.0,1
123.0,29.0,1
123.0,30.0,1
123.0,31.0,1
123.0,32.0,1
123.0,33.0,1
123.0,37.0,1
123.0,38.0,1
123.0,39.0,1
123.0,40.0,1
123.0,42.0,1
123.0,53.0,1
123.0,58.0,2
123.0,59.0,2
123.0,60.0,2
123.0,62.0,2
123.0,68.0,2
123.0,69.0,2
123.0,70.0,2
123.0,73.0,2
123.0,76.0,2
123.0,79.0,2
123.0,82.0,2
123.0,83.0,2
123.0,86.0,2
123.0,87.0,2
123.0,88.0,2
123.0,89.0,2
123.0,90.0,2
124.0,18.0,1
124.0,22.0,1
124.0,27.0,1
124.0,28.0,1
124.0,29.0,1
124.0,30.0,1
124.0,32.0,1
124.0,34.0,1
124.0,40.0,1
124.0,58.0,2
124.0,61.0,2
124.0,63.0,2
124.0,65.0,2
124.0,66.0,2
124.0,70.0,2
124.0,72.0,2
124.0,73.0,2
124.0,76.0,2
124.0,78.0,2
124.0,79.0,2
124.0,82.0,2
124.0,83.0,2
124.0,87.0,2
124.0,88.0,2
124.0,89.0,2
124.0,90.0,2
125.0,14.0,1
125.0,15.0,1
125.0,16.0,1
125.0,17.0,1
125.0,19.0,1
125.0,22.0,1
125.0,26.0,1
125.0,27.0,1
125.0,29.0,1
125.0,30.0,1
125.0,31.0,1
125.0,33.0,1
125.0,34.0,1
125.0,45.0,1
125.0,57.0,2
125.0,62.0,2
125.0,73.0,2
125.0,74.0,2
125.0,77.0,2
125.0,78.0,2
125.0,79.0,2
125.0,83.0,2
125.0,87.0,2
125.0,88.0,2
125.0,89.0,2
125.0,90.0,2
126.0,14.0,1
126.0,15.0,1
126.0,17.0,1
126.0,18.0,1
126.0,19.0,1
126.0,20.0,1
126.0,25.0,1
126.0,26.0,1
126.0,27.0,1
126.0,28.0,1
126.0,29.0,1
126.0,30.0,1
126.0,32.0,1
126.0,33.0,1
126.0,36.0,1
126.0,38.0,1
126.0,41.0,1
126.0,60.0,2
126.0,63.0,2
126.0,64.0,2
126.0,66.0,2
126.0,72.0,2
126.0,73.0,2
126.0,74.0,2
126.0,75.0,2
126.0,76.0,2
126.0,78.0,2
126.0,83.0,2
126.0,84.0,2
126.0,86.0,2
126.0,87.0,2
126.0,88.0,2
126.0,89.0,2
126.0,90.0,2
127.0,13.0,1
127.0,14.0,1
127.0,16.0,1
127.0,17.0,1
127.0,18.0,1
127.0,19.0,1
127.0,20.0,1
127.0,24.0,1
127.0,26.0,1
127.0,27.0,1
127.0,28.0,1
127.0,36.0,1
127.0,37.0,1
127.0,39.0,1
127.0,41.0,1
127.0,42.0,1
127.0,46.0,1
127.0,58.0,2
127.0,59.0,2
127.0,71.0,2
127.0,73.0,2
127.0,74.0,2
127.0,75.0,2
127.0,77.0,2
127.0,78.0,2
127.0,82.0,2
127.0,83.0,2
127.0,88.0,2
127.0,89.0,2
127.0,90.0,2
128.0,13.0,1
128.0,14.0,1
128.0,15.0,1
128.0,16.0,1
128.0,20.0,1
128.0,23.0,1
128.0,25.0,1
128.0,26.0,1
128.0,27.0,1
128.0,28.0,1
128.0,31.0,1
128.0,32.0,1
128.0,33.0,1
128.0,34.0,1
128.0,37.0,1
128.0,38.0,1
128.0,39.0,1
128.0,51.0,1
128.0,62.0,2
128.0,68.0,2
128.0,69.0,2
128.0,71.0,2
128.0,76.0,2
128.0,78.0,2
128.0,83.0,2
128.0,84.0,2
128.0,88.0,2
128.0,89.0,2
128.0,90.0,2
129.0,14.0,1
129.0,15.0,1
129.0,16.0,1
129.0,20.0,1
129.0,23.0,1
129.0,25.0,1
129.0,26.0,1
129.0,27.0,1
129.0,28.0,1
129.0,30.0,1
129.0,31.0,1
129.0,32.0,1
129.0,36.0,1
129.0,37.0,1
129.0,38.0,1
129.0,39.0,1
129.0,62.0,2
129.0,66.0,2
129.0,73.0,2
129.0,78.0,2
129.0,83.0,2
129.0,87.0,2
129.0,88.0,2
129.0,89.0,2
129.0,90.0,2
130.0,9.0,1
130.0,12.0,1
130.0,14.0,1
130.0,15.0,1
130.0,16.0,1
130.0,20.0,1
130.0,24.0,1
130.0,26.0,1
130.0,27.0,1
130.0,29.0,1
130.0,30.0,1
130.0,33.0,1
130.0,35.0,1
130.0,36.0,1
130.0,37.0,1
130.0,45.0,1
130.0,59.0,2
130.0,68.0,2
130.0,69.0,2
130.0,72.0,2
130.0,76.0,2
130.0,78.0,2
130.0,83.0,2
130.0,86.0,2
130.0,87.0,2
130.0,88.0,2
130.0,89.0,2
130.0,90.0,2
131.0,11.0,1
131.0,12.0,1
131.0,14.0,1
131.0,15.0,1
131.0,18.0,1
131.0,21.0,1
131.0,22.0,1
131.0,23.0,1
131.0,25.0,1
131.0,26.0,1
131.0,27.0,1
131.0,32.0,1
131.0,33.0,1
131.0,34.0,1
131.0,39.0,1
131.0,42.0,1
131.0,51.0,1
131.0,60.0,2
131.0,62.0,2
131.0,68.0,2
131.0,69.0,2
131.0,70.0,2
131.0,71.0,2
131.0,72.0,2
131.0,74.0,2
131.0,76.0,2
131.0,78.0,2
131.0,87.0,2
131.0,88.0,2
131.0,89.0,2
131.0,90.0,2
132.0,12.0,1
132.0,16.0,1
132.0,17.0,1
132.0,21.0,1
132.0,24.0,1
132.0,25.0,1
132.0,26.0,1
132.0,27.0,1
132.0,28.0,1
132.0,29.0,1
132.0,33.0,1
132.0,34.0,1
132.0,35.0,1
132.0,36.0,1
132.0,39.0,1
132.0,61.0,2
132.0,65.0,2
132.0,69.0,2
132.0,78.0,2
132.0,79.0,2
132.0,83.0,2
132.0,87.0,2
132.0,88.0,2
132.0,89.0,2
132.0,90.0,2
133.0,-61.0,2
133.0,9.0,1
133.0,12.0,1
133.0,13.0,1
133.0,14.0,1
133.0,21.0,1
133.0,32.0,1
133.0,34.0,1
133.0,35.0,1
133.0,37.0,1
133.0,51.0,1
133.0,63.0,2
133.0,69.0,2
133.0,70.0,2
133.0,71.0,2
133.0,74.0,2
133.0,83.0,2
133.0,88.0,2
133.0,89.0,2
133.0,90.0,2
134.0,7.0,1
134.0,13.0,1
134.0,28.0,1
134.0,30.0,1
134.0,31.0,1
134.0,78.0,2
134.0,83.0,2
134.0,88.0,2
134.0,89.0,2
134.0,90.0,2
135.0,-1.0,1
135.0,0.0,1
135.0,6.0,1
135.0,30.0,1
135.0,35.0,1
135.0,36.0,1
135.0,53.0,1
135.0,56.0,2
135.0,61.0,2
135.0,68.0,2
135.0,69.0,2
135.0,70.0,2
135.0,71.0,2
135.0,74.0,2
135.0,76.0,2
135.0,77.0,2
135.0,79.0,2
135.0,84.0,2
135.0,89.0,2
135.0,90.0,2
136.0,-1.0,1
136.0,0.0,1
136.0,4.0,1
136.0,11.0,1
136.0,33.0,1
136.0,38.0,1
136.0,48.0,1
136.0,56.0,2
136.0,70.0,2
136.0,71.0,2
136.0,74.0,2
136.0,76.0,2
136.0,79.0,2
136.0,88.0,2
136.0,89.0,2
136.0,90.0,2
137.0,3.0,1
137.0,34.0,1
137.0,36.0,1
137.0,46.0,1
137.0,48.0,1
137.0,64.0,2
137.0,65.0,2
137.0,70.0,2
137.0,72.0,2
137.0,75.0,2
137.0,77.0,2
137.0,78.0,2
137.0,86.0,2
137.0,87.0,2
137.0,88.0,2
137.0,89.0,2
137.0,90.0,2
138.0,-68.0,2
138.0,-62.0,2
138.0,0.0,1
138.0,2.0,1
138.0,3.0,1
138.0,5.0,1
138.0,6.0,1
138.0,34.0,1
138.0,35.0,1
138.0,36.0,1
138.0,57.0,2
138.0,59.0,2
138.0,62.0,2
138.0,65.0,2
138.0,67.0,2
138.0,70.0,2
138.0,71.0,2
138.0,73.0,2
138.0,74.0,2
138.0,75.0,2
138.0,77.0,2
138.0,79.0,2
138.0,83.0,2
138.0,87.0,2
138.0,88.0,2
138.0,89.0,2
138.0,90.0,2
139.0,-61.0,2
139.0,2.0,1
139.0,3.0,1
139.0,4.0,1
139.0,5.0,1
139.0,6.0,1
139.0,63.0,2
139.0,67.0,2
139.0,74.0,2
139.0,75.0,2
139.0,83.0,2
139.0,88.0,2
139.0,89.0,2
139.0,90.0,2
140.0,-67.0,2
140.0,-59.0,2
140.0,2.0,1
140.0,5.0,1
140.0,6.0,1
140.0,7.0,1
140.0,26.0,1
140.0,38.0,1
140.0,62.0,2
140.0,63.0,2
140.0,68.0,2
140.0,70.0,2
140.0,71.0,2
140.0,86.0,2
140.0,88.0,2
140.0,89.0,2
140.0,90.0,2
141.0,-1.0,1
141.0,4.0,1
141.0,5.0,1
141.0,13.0,1
141.0,66.0,2
141.0,69.0,2
141.0,70.0,2
141.0,73.0,2
141.0,77.0,2
141.0,79.0,2
141.0,84.0,2
141.0,86.0,2
141.0,87.0,2
141.0,88.0,2
141.0,89.0,2
141.0,90.0,2
142.0,-2.0,1
142.0,-1.0,1
142.0,3.0,1
142.0,4.0,1
142.0,5.0,1
142.0,56.0,2
142.0,65.0,2
142.0,68.0,2
142.0,69.0,2
142.0,70.0,2
142.0,74.0,2
142.0,76.0,2
142.0,77.0,2
142.0,83.0,2
142.0,84.0,2
142.0,85.0,2
142.0,86.0,2
142.0,87.0,2
142.0,88.0,2
142.0,89.0,2
142.0,90.0,2
143.0,-68.0,2
143.0,-59.0,2
143.0,-1.0,1
143.0,3.0,1
143.0,4.0,1
143.0,36.0,1
143.0,37.0,1
143.0,42.0,1
143.0,53.0,1
143.0,75.0,2
143.0,76.0,2
143.0,78.0,2
143.0,83.0,2
143.0,84.0,2
143.0,88.0,2
143.0,89.0,2
143.0,90.0,2
144.0,2.0,1
144.0,3.0,1
144.0,4.0,1
144.0,5.0,1
144.0,6.0,1
144.0,7.0,1
144.0,10.0,1
144.0,34.0,1
144.0,35.0,1
144.0,58.0,2
144.0,61.0,2
144.0,69.0,2
144.0,70.0,2
144.0,71.0,2
144.0,76.0,2
144.0,83.0,2
144.0,84.0,2
144.0,86.0,2
144.0,89.0,2
144.0,90.0,2
145.0,-25.0,1
145.0,2.0,1
145.0,3.0,1
145.0,4.0,1
145.0,5.0,1
145.0,6.0,1
145.0,7.0,1
145.0,9.0,1
145.0,40.0,1
145.0,65.0,2
145.0,67.0,2
145.0,69.0,2
145.0,70.0,2
145.0,83.0,2
145.0,84.0,2
145.0,87.0,2
145.0,88.0,2
145.0,89.0,2
145.0,90.0,2
146.0,1.0,1
146.0,2.0,1
146.0,3.0,1
146.0,4.0,1
146.0,5.0,1
146.0,6.0,1
146.0,8.0,1
146.0,17.0,1
146.0,38.0,1
146.0,57.0,2
146.0,66.0,2
146.0,68.0,2
146.0,69.0,2
146.0,70.0,2
146.0,74.0,2
146.0,83.0,2
146.0,84.0,2
146.0,85.0,2
146.0,87.0,2
146.0,88.0,2
146.0,89.0,2
146.0,90.0,2
147.0,1.0,1
147.0,2.0,1
147.0,3.0,1
147.0,4.0,1
147.0,5.0,1
147.0,6.0,1
147.0,7.0,1
147.0,8.0,1
147.0,39.0,1
147.0,59.0,2
147.0,67.0,2
147.0,68.0,2
147.0,69.0,2
147.0,71.0,2
147.0,75.0,2
147.0,76.0,2
147.0,84.0,2
147.0,86.0,2
147.0,87.0,2
147.0,88.0,2
147.0,89.0,2
147.0,90.0,2
148.0,3.0,1
148.0,4.0,1
148.0,5.0,1
148.0,6.0,1
148.0,7.0,1
148.0,8.0,1
148.0,54.0,1
148.0,70.0,2
148.0,71.0,2
148.0,83.0,2
148.0,84.0,2
148.0,87.0,2
148.0,88.0,2
148.0,89.0,2
148.0,90.0,2
149.0,2.0,1
149.0,3.0,1
149.0,4.0,1
149.0,5.0,1
149.0,6.0,1
149.0,7.0,1
149.0,8.0,1
149.0,9.0,1
149.0,18.0,1
149.0,49.0,1
149.0,50.0,1
149.0,71.0,2
149.0,73.0,2
149.0,83.0,2
149.0,84.0,2
149.0,88.0,2
149.0,89.0,2
149.0,90.0,2
150.0,4.0,1
150.0,5.0,1
150.0,6.0,1
150.0,7.0,1
150.0,8.0,1
150.0,9.0,1
150.0,35.0,1
150.0,36.0,1
150.0,45.0,1
150.0,49.0,1
150.0,52.0,1
150.0,53.0,1
150.0,60.0,2
150.0,64.0,2
150.0,66.0,2
150.0,73.0,2
150.0,74.0,2
150.0,84.0,2
150.0,88.0,2
150.0,89.0,2
150.0,90.0,2
151.0,-72.0,2
151.0,4.0,1
151.0,5.0,1
151.0,6.0,1
151.0,7.0,1
151.0,8.0,1
151.0,9.0,1
151.0,38.0,1
151.0,49.0,1
151.0,57.0,2
151.0,67.0,2
151.0,69.0,2
151.0,71.0,2
151.0,73.0,2
151.0,83.0,2
151.0,84.0,2
151.0,86.0,2
151.0,88.0,2
151.0,89.0,2
151.0,90.0,2
152.0,-72.0,2
152.0,-71.0,2
152.0,4.0,1
152.0,5.0,1
152.0,6.0,1
152.0,7.0,1
152.0,8.0,1
152.0,9.0,1
152.0,10.0,1
152.0,11.0,1
152.0,38.0,1
152.0,39.0,1
152.0,41.0,1
152.0,46.0,1
152.0,54.0,1
152.0,69.0,2
152.0,70.0,2
152.0,72.0,2
152.0,83.0,2
152.0,84.0,2
152.0,87.0,2
152.0,89.0,2
152.0,90.0,2
153.0,-68.0,2
153.0,3.0,1
153.0,4.0,1
153.0,5.0,1
153.0,6.0,1
153.0,7.0,1
153.0,8.0,1
153.0,10.0,1
153.0,15.0,1
153.0,36.0,1
153.0,41.0,1
153.0,45.0,1
153.0,46.0,1
153.0,48.0,1
153.0,49.0,1
153.0,50.0,1
153.0,53.0,1
153.0,66.0,2
153.0,67.0,2
153.0,78.0,2
153.0,84.0,2
153.0,89.0,2
153.0,90.0,2
154.0,3.0,1
154.0,4.0,1
154.0,5.0,1
154.0,6.0,1
154.0,7.0,1
154.0,8.0,1
154.0,10.0,1
154.0,11.0,1
154.0,13.0,1
154.0,16.0,1
154.0,17.0,1
154.0,21.0,1
154.0,29.0,1
154.0,38.0,1
154.0,45.0,1
154.0,51.0,1
154.0,53.0,1
154.0,56.0,2
154.0,63.0,2
154.0,64.0,2
154.0,70.0,2
154.0,71.0,2
154.0,72.0,2
154.0,76.0,2
154.0,78.0,2
154.0,80.0,2
154.0,84.0,2
154.0,88.0,2
154.0,90.0,2
155.0,-70.0,2
155.0,3.0,1
155.0,4.0,1
155.0,5.0,1
155.0,6.0,1
155.0,7.0,1
155.0,8.0,1
155.0,9.0,1
155.0,10.0,1
155.0,17.0,1
155.0,28.0,1
155.0,40.0,1
155.0,42.0,1
155.0,45.0,1
155.0,51.0,1
155.0,53.0,1
155.0,63.0,2
155.0,70.0,2
155.0,71.0,2
155.0,73.0,2
155.0,75.0,2
155.0,79.0,2
155.0,84.0,2
155.0,86.0,2
155.0,87.0,2
155.0,88.0,2
155.0,90.0,2
156.0,1.0,1
156.0,3.0,1
156.0,4.0,1
156.0,5.0,1
156.0,6.0,1
156.0,7.0,1
156.0,8.0,1
156.0,20.0,1
156.0,39.0,1
156.0,40.0,1
156.0,43.0,1
156.0,45.0,1
156.0,48.0,1
156.0,50.0,1
156.0,51.0,1
156.0,64.0,2
156.0,74.0,2
156.0,75.0,2
156.0,84.0,2
156.0,87.0,2
156.0,88.0,2
156.0,90.0,2
157.0,2.0,1
157.0,3.0,1
157.0,4.0,1
157.0,5.0,1
157.0,6.0,1
157.0,7.0,1
157.0,8.0,1
157.0,9.0,1
157.0,11.0,1
157.0,13.0,1
157.0,16.0,1
157.0,39.0,1
157.0,44.0,1
157.0,51.0,1
157.0,72.0,2
157.0,73.0,2
157.0,74.0,2
157.0,75.0,2
157.0,87.0,2
157.0,88.0,2
157.0,90.0,2
158.0,-2.0,1
158.0,-1.0,1
158.0,0.0,1
158.0,1.0,1
158.0,2.0,1
158.0,3.0,1
158.0,4.0,1
158.0,5.0,1
158.0,6.0,1
158.0,7.0,1
158.0,8.0,1
158.0,9.0,1
158.0,10.0,1
158.0,11.0,1
158.0,12.0,1
158.0,13.0,1
158.0,20.0,1
158.0,30.0,1
158.0,31.0,1
158.0,40.0,1
158.0,41.0,1
158.0,47.0,1
158.0,49.0,1
158.0,56.0,2
158.0,63.0,2
158.0,73.0,2
158.0,74.0,2
158.0,86.0,2
158.0,88.0,2
158.0,90.0,2
159.0,-10.0,1
159.0,-3.0,1
159.0,-2.0,1
159.0,-1.0,1
159.0,0.0,1
159.0,1.0,1
159.0,2.0,1
159.0,3.0,1
159.0,4.0,1
159.0,5.0,1
159.0,6.0,1
159.0,7.0,1
159.0,8.0,1
159.0,11.0,1
159.0,12.0,1
159.0,14.0,1
159.0,20.0,1
159.0,48.0,1
159.0,49.0,1
159.0,66.0,2
159.0,69.0,2
159.0,70.0,2
159.0,72.0,2
159.0,77.0,2
159.0,83.0,2
159.0,88.0,2
159.0,90.0,2
160.0,-50.0,1
160.0,-37.0,1
160.0,-2.0,1
160.0,-1.0,1
160.0,0.0,1
160.0,1.0,1
160.0,2.0,1
160.0,3.0,1
160.0,4.0,1
160.0,5.0,1
160.0,6.0,1
160.0,8.0,1
160.0,9.0,1
160.0,12.0,1
160.0,13.0,1
160.0,14.0,1
160.0,15.0,1
160.0,17.0,1
160.0,19.0,1
160.0,21.0,1
160.0,31.0,1
160.0,35.0,1
160.0,38.0,1
160.0,58.0,2
160.0,59.0,2
160.0,60.0,2
160.0,69.0,2
160.0,75.0,2
160.0,76.0,2
160.0,85.0,2
160.0,87.0,2
160.0,88.0,2
160.0,90.0,2
161.0,-30.0,1
161.0,-2.0,1
161.0,-1.0,1
161.0,0.0,1
161.0,1.0,1
161.0,2.0,1
161.0,3.0,1
161.0,4.0,1
161.0,5.0,1
161.0,6.0,1
161.0,8.0,1
161.0,9.0,1
161.0,10.0,1
161.0,13.0,1
161.0,14.0,1
161.0,15.0,1
161.0,16.0,1
161.0,20.0,1
161.0,24.0,1
161.0,52.0,1
161.0,67.0,2
161.0,70.0,2
161.0,83.0,2
161.0,85.0,2
161.0,86.0,2
161.0,87.0,2
161.0,88.0,2
161.0,89.0,2
161.0,90.0,2
162.0,-3.0,1
162.0,-2.0,1
162.0,-1.0,1
162.0,0.0,1
162.0,1.0,1
162.0,2.0,1
162.0,3.0,1
162.0,4.0,1
162.0,5.0,1
162.0,6.0,1
162.0,7.0,1
162.0,8.0,1
162.0,9.0,1
162.0,10.0,1
162.0,15.0,1
162.0,16.0,1
162.0,22.0,1
162.0,24.0,1
162.0,75.0,2
162.0,84.0,2
162.0,85.0,2
162.0,86.0,2
162.0,87.0,2
162.0,88.0,2
162.0,90.0,2
163.0,-71.0,2
163.0,-3.0,1
163.0,-2.0,1
163.0,-1.0,1
163.0,0.0,1
163.0,1.0,1
163.0,2.0,1
163.0,3.0,1
163.0,4.0,1
163.0,5.0,1
163.0,6.0,1
163.0,7.0,1
163.0,9.0,1
163.0,10.0,1
163.0,22.0,1
163.0,24.0,1
163.0,28.0,1
163.0,34.0,1
163.0,35.0,1
163.0,37.0,1
163.0,38.0,1
163.0,49.0,1
163.0,55.0,1
163.0,59.0,2
163.0,76.0,2
163.0,84.0,2
163.0,85.0,2
163.0,87.0,2
163.0,88.0,2
163.0,90.0,2
164.0,-4.0,1
164.0,-3.0,1
164.0,-2.0,1
164.0,-1.0,1
164.0,0.0,1
164.0,1.0,1
164.0,2.0,1
164.0,3.0,1
164.0,4.0,1
164.0,5.0,1
164.0,6.0,1
164.0,7.0,1
164.0,8.0,1
164.0,9.0,1
164.0,10.0,1
164.0,11.0,1
164.0,14.0,1
164.0,15.0,1
164.0,16.0,1
164.0,17.0,1
164.0,18.0,1
164.0,21.0,1
164.0,28.0,1
164.0,32.0,1
164.0,35.0,1
164.0,41.0,1
164.0,42.0,1
164.0,53.0,1
164.0,54.0,1
164.0,55.0,1
164.0,58.0,2
164.0,65.0,2
164.0,69.0,2
164.0,83.0,2
164.0,84.0,2
164.0,85.0,2
164.0,88.0,2
164.0,90.0,2
165.0,-4.0,1
165.0,-3.0,1
165.0,-2.0,1
165.0,-1.0,1
165.0,0.0,1
165.0,1.0,1
165.0,2.0,1
165.0,3.0,1
165.0,4.0,1
165.0,5.0,1
165.0,6.0,1
165.0,7.0,1
165.0,8.0,1
165.0,9.0,1
165.0,11.0,1
165.0,15.0,1
165.0,16.0,1
165.0,17.0,1
165.0,18.0,1
165.0,26.0,1
165.0,27.0,1
165.0,34.0,1
165.0,37.0,1
165.0,47.0,1
165.0,48.0,1
165.0,52.0,1
165.0,56.0,2
165.0,69.0,2
165.0,76.0,2
165.0,83.0,2
165.0,84.0,2
165.0,85.0,2
165.0,87.0,2
165.0,88.0,2
165.0,90.0,2
166.0,-5.0,1
166.0,-4.0,1
166.0,-3.0,1
166.0,-2.0,1
166.0,-1.0,1
166.0,0.0,1
166.0,1.0,1
166.0,2.0,1
166.0,3.0,1
166.0,4.0,1
166.0,5.0,1
166.0,6.0,1
166.0,7.0,1
166.0,8.0,1
166.0,9.0,1
166.0,11.0,1
166.0,12.0,1
166.0,15.0,1
166.0,16.0,1
166.0,17.0,1
166.0,18.0,1
166.0,20.0,1
166.0,22.0,1
166.0,33.0,1
166.0,34.0,1
166.0,35.0,1
166.0,36.0,1
166.0,47.0,1
166.0,60.0,2
166.0,64.0,2
166.0,76.0,2
166.0,83.0,2
166.0,84.0,2
166.0,85.0,2
166.0,88.0,2
166.0,90.0,2
167.0,-32.0,1
167.0,-4.0,1
167.0,-3.0,1
167.0,-2.0,1
167.0,-1.0,1
167.0,0.0,1
167.0,1.0,1
167.0,2.0,1
167.0,3.0,1
167.0,4.0,1
167.0,5.0,1
167.0,6.0,1
167.0,7.0,1
167.0,8.0,1
167.0,9.0,1
167.0,10.0,1
167.0,11.0,1
167.0,12.0,1
167.0,13.0,1
167.0,15.0,1
167.0,16.0,1
167.0,17.0,1
167.0,18.0,1
167.0,19.0,1
167.0,22.0,1
167.0,26.0,1
167.0,33.0,1
167.0,34.0,1
167.0,36.0,1
167.0,37.0,1
167.0,38.0,1
167.0,39.0,1
167.0,40.0,1
167.0,48.0,1
167.0,52.0,1
167.0,84.0,2
167.0,85.0,2
167.0,90.0,2
168.0,-4.0,1
168.0,-2.0,1
168.0,-1.0,1
168.0,0.0,1
168.0,1.0,1
168.0,2.0,1
168.0,3.0,1
168.0,4.0,1
168.0,5.0,1
168.0,6.0,1
168.0,7.0,1
168.0,8.0,1
168.0,9.0,1
168.0,10.0,1
168.0,11.0,1
168.0,12.0,1
168.0,13.0,1
168.0,14.0,1
168.0,15.0,1
168.0,16.0,1
168.0,17.0,1
168.0,18.0,1
168.0,19.0,1
168.0,20.0,1
168.0,21.0,1
168.0,28.0,1
168.0,30.0,1
168.0,33.0,1
168.0,34.0,1
168.0,35.0,1
168.0,36.0,1
168.0,37.0,1
168.0,38.0,1
168.0,39.0,1
168.0,40.0,1
168.0,54.0,1
168.0,68.0,2
168.0,75.0,2
168.0,76.0,2
168.0,84.0,2
168.0,85.0,2
168.0,87.0,2
168.0,88.0,2
168.0,90.0,2
169.0,-35.0,1
169.0,-4.0,1
169.0,-2.0,1
169.0,-1.0,1
169.0,0.0,1
169.0,1.0,1
169.0,2.0,1
169.0,3.0,1
169.0,4.0,1
169.0,5.0,1
169.0,6.0,1
169.0,7.0,1
169.0,8.0,1
169.0,9.0,1
169.0,10.0,1
169.0,12.0,1
169.0,13.0,1
169.0,14.0,1
169.0,15.0,1
169.0,17.0,1
169.0,18.0,1
169.0,21.0,1
169.0,22.0,1
169.0,27.0,1
169.0,28.0,1
169.0,31.0,1
169.0,34.0,1
169.0,35.0,1
169.0,36.0,1
169.0,37.0,1
169.0,38.0,1
169.0,39.0,1
169.0,40.0,1
169.0,49.0,1
169.0,64.0,2
169.0,70.0,2
169.0,75.0,2
169.0,76.0,2
169.0,84.0,2
169.0,85.0,2
169.0,88.0,2
169.0,90.0,2
170.0,-4.0,1
170.0,-3.0,1
170.0,-2.0,1
170.0,-1.0,1
170.0,0.0,1
170.0,1.0,1
170.0,2.0,1
170.0,3.0,1
170.0,4.0,1
170.0,5.0,1
170.0,6.0,1
170.0,8.0,1
170.0,9.0,1
170.0,10.0,1
170.0,11.0,1
170.0,12.0,1
170.0,13.0,1
170.0,14.0,1
170.0,15.0,1
170.0,16.0,1
170.0,17.0,1
170.0,18.0,1
170.0,22.0,1
170.0,23.0,1
170.0,24.0,1
170.0,29.0,1
170.0,30.0,1
170.0,32.0,1
170.0,33.0,1
170.0,35.0,1
170.0,36.0,1
170.0,37.0,1
170.0,38.0,1
170.0,40.0,1
170.0,42.0,1
170.0,44.0,1
170.0,49.0,1
170.0,50.0,1
170.0,67.0,2
170.0,68.0,2
170.0,74.0,2
170.0,75.0,2
170.0,76.0,2
170.0,84.0,2
170.0,85.0,2
170.0,88.0,2
170.0,89.0,2
170.0,90.0,2
171.0,-3.0,1
171.0,-2.0,1
171.0,0.0,1
171.0,1.0,1
171.0,2.0,1
171.0,3.0,1
171.0,4.0,1
171.0,5.0,1
171.0,6.0,1
171.0,7.0,1
171.0,8.0,1
171.0,9.0,1
171.0,10.0,1
171.0,11.0,1
171.0,12.0,1
171.0,13.0,1
171.0,14.0,1
171.0,16.0,1
171.0,17.0,1
171.0,18.0,1
171.0,20.0,1
171.0,22.0,1
171.0,23.0,1
171.0,25.0,1
171.0,28.0,1
171.0,29.0,1
171.0,35.0,1
171.0,36.0,1
171.0,38.0,1
171.0,42.0,1
171.0,44.0,1
171.0,47.0,1
171.0,48.0,1
171.0,57.0,2
171.0,65.0,2
171.0,66.0,2
171.0,67.0,2
171.0,68.0,2
171.0,74.0,2
171.0,76.0,2
171.0,84.0,2
171.0,85.0,2
171.0,88.0,2
171.0,89.0,2
171.0,90.0,2
172.0,0.0,1
172.0,1.0,1
172.0,2.0,1
172.0,3.0,1
172.0,4.0,1
172.0,5.0,1
172.0,6.0,1
172.0,7.0,1
172.0,8.0,1
172.0,9.0,1
172.0,10.0,1
172.0,11.0,1
172.0,12.0,1
172.0,13.0,1
172.0,14.0,1
172.0,17.0,1
172.0,18.0,1
172.0,20.0,1
172.0,21.0,1
172.0,22.0,1
172.0,26.0,1
172.0,27.0,1
172.0,28.0,1
172.0,31.0,1
172.0,39.0,1
172.0,43.0,1
172.0,44.0,1
172.0,70.0,2
172.0,74.0,2
172.0,84.0,2
172.0,85.0,2
172.0,87.0,2
172.0,88.0,2
172.0,89.0,2
172.0,90.0,2
173.0,0.0,1
173.0,1.0,1
173.0,2.0,1
173.0,3.0,1
173.0,4.0,1
173.0,5.0,1
173.0,6.0,1
173.0,7.0,1
173.0,8.0,1
173.0,9.0,1
173.0,10.0,1
173.0,11.0,1
173.0,12.0,1
173.0,13.0,1
173.0,17.0,1
173.0,18.0,1
173.0,24.0,1
173.0,25.0,1
173.0,26.0,1
173.0,27.0,1
173.0,30.0,1
173.0,31.0,1
173.0,33.0,1
173.0,34.0,1
173.0,37.0,1
173.0,38.0,1
173.0,39.0,1
173.0,40.0,1
173.0,46.0,1
173.0,61.0,2
173.0,66.0,2
173.0,72.0,2
173.0,73.0,2
173.0,84.0,2
173.0,89.0,2
173.0,90.0,2
174.0,0.0,1
174.0,1.0,1
174.0,2.0,1
174.0,3.0,1
174.0,4.0,1
174.0,5.0,1
174.0,6.0,1
174.0,7.0,1
174.0,8.0,1
174.0,9.0,1
174.0,10.0,1
174.0,11.0,1
174.0,12.0,1
174.0,13.0,1
174.0,14.0,1
174.0,15.0,1
174.0,16.0,1
174.0,17.0,1
174.0,24.0,1
174.0,25.0,1
174.0,26.0,1
174.0,27.0,1
174.0,30.0,1
174.0,31.0,1
174.0,33.0,1
174.0,36.0,1
174.0,37.0,1
174.0,38.0,1
174.0,40.0,1
174.0,41.0,1
174.0,42.0,1
174.0,56.0,2
174.0,73.0,2
174.0,75.0,2
174.0,78.0,2
174.0,83.0,2
174.0,84.0,2
174.0,85.0,2
174.0,89.0,2
174.0,90.0,2
175.0,-15.0,1
175.0,-14.0,1
175.0,1.0,1
175.0,2.0,1
175.0,3.0,1
175.0,4.0,1
175.0,5.0,1
175.0,6.0,1
175.0,7.0,1
175.0,8.0,1
175.0,9.0,1
175.0,10.0,1
175.0,11.0,1
175.0,12.0,1
175.0,14.0,1
175.0,15.0,1
175.0,16.0,1
175.0,25.0,1
175.0,26.0,1
175.0,27.0,1
175.0,31.0,1
175.0,32.0,1
175.0,34.0,1
175.0,35.0,1
175.0,36.0,1
175.0,37.0,1
175.0,38.0,1
175.0,39.0,1
175.0,40.0,1
175.0,41.0,1
175.0,42.0,1
175.0,71.0,2
175.0,74.0,2
175.0,83.0,2
175.0,84.0,2
175.0,85.0,2
175.0,87.0,2
175.0,88.0,2
175.0,89.0,2
175.0,90.0,2
176.0,2.0,1
176.0,3.0,1
176.0,4.0,1
176.0,5.0,1
176.0,6.0,1
176.0,7.0,1
176.0,8.0,1
176.0,9.0,1
176.0,10.0,1
176.0,15.0,1
176.0,16.0,1
176.0,28.0,1
176.0,29.0,1
176.0,30.0,1
176.0,32.0,1
176.0,33.0,1
176.0,35.0,1
176.0,36.0,1
176.0,37.0,1
176.0,38.0,1
176.0,40.0,1
176.0,42.0,1
176.0,71.0,2
176.0,72.0,2
176.0,83.0,2
176.0,84.0,2
176.0,85.0,2
176.0,87.0,2
176.0,88.0,2
176.0,89.0,2
176.0,90.0,2
177.0,3.0,1
177.0,4.0,1
177.0,5.0,1
177.0,6.0,1
177.0,7.0,1
177.0,8.0,1
177.0,9.0,1
177.0,10.0,1
177.0,26.0,1
177.0,27.0,1
177.0,28.0,1
177.0,29.0,1
177.0,30.0,1
177.0,35.0,1
177.0,36.0,1
177.0,37.0,1
177.0,38.0,1
177.0,39.0,1
177.0,40.0,1
177.0,42.0,1
177.0,43.0,1
177.0,44.0,1
177.0,61.0,2
177.0,70.0,2
177.0,72.0,2
177.0,83.0,2
177.0,84.0,2
177.0,85.0,2
177.0,88.0,2
177.0,89.0,2
177.0,90.0,2
178.0,3.0,1
178.0,4.0,1
178.0,5.0,1
178.0,6.0,1
178.0,7.0,1
178.0,8.0,1
178.0,9.0,1
178.0,10.0,1
178.0,11.0,1
178.0,12.0,1
178.0,13.0,1
178.0,14.0,1
178.0,21.0,1
178.0,25.0,1
178.0,26.0,1
178.0,27.0,1
178.0,28.0,1
178.0,29.0,1
178.0,30.0,1
178.0,33.0,1
178.0,36.0,1
178.0,37.0,1
178.0,38.0,1
178.0,39.0,1
178.0,40.0,1
178.0,41.0,1
178.0,46.0,1
178.0,59.0,2
178.0,63.0,2
178.0,83.0,2
178.0,84.0,2
178.0,86.0,2
178.0,87.0,2
178.0,88.0,2
178.0,89.0,2
178.0,90.0,2
179.0,-61.0,2
179.0,2.0,1
179.0,3.0,1
179.0,4.0,1
179.0,5.0,1
179.0,6.0,1
179.0,7.0,1
179.0,8.0,1
179.0,9.0,1
179.0,10.0,1
179.0,11.0,1
179.0,12.0,1
179.0,15.0,1
179.0,16.0,1
179.0,20.0,1
179.0,21.0,1
179.0,22.0,1
179.0,23.0,1
179.0,24.0,1
179.0,25.0,1
179.0,26.0,1
179.0,27.0,1
179.0,29.0,1
179.0,31.0,1
179.0,32.0,1
179.0,36.0,1
179.0,37.0,1
179.0,38.0,1
179.0,39.0,1
179.0,40.0,1
179.0,41.0,1
179.0,42.0,1
179.0,47.0,1
179.0,57.0,2
179.0,61.0,2
179.0,83.0,2
179.0,84.0,2
179.0,87.0,2
179.0,88.0,2
179.0,89.0,2
179.0,90.0,2
180.0,-25.0,1
180.0,2.0,1
180.0,3.0,1
180.0,4.0,1
180.0,5.0,1
180.0,6.0,1
180.0,7.0,1
180.0,8.0,1
180.0,9.0,1
180.0,10.0,1
180.0,11.0,1
180.0,12.0,1
180.0,20.0,1
180.0,21.0,1
180.0,24.0,1
180.0,26.0,1
180.0,32.0,1
180.0,36.0,1
180.0,37.0,1
180.0,38.0,1
180.0,39.0,1
180.0,40.0,1
180.0,41.0,1
180.0,42.0,1
180.0,44.0,1
180.0,45.0,1
180.0,49.0,1
180.0,50.0,1
180.0,54.0,1
180.0,55.0,1
180.0,56.0,2
180.0,57.0,2
180.0,60.0,2
180.0,84.0,2
180.0,88.0,2
180.0,89.0,2
180.0,90.0,2